NAME,REFERENCE_NUMBER,LINK,DISCOUNT_PRICE,PRICE,CONDITION,YEAR
Navitimer 8 Chronograph 43,M13314101B1X1,https://www.chronext.com/breitling/navitimer/m13314101b1x1/C77851,"3,120","4,780",Unworn - New,2022
Luminor Luminor Marina,PAM00104,https://www.chronext.com/panerai/luminor/pam00104/V47170,"5,210","5,210",Very Good,2008
Speedmaster,3510.50.00,https://www.chronext.com/omega/speedmaster/3510-50-00/V36387,"2,790","2,870",Vintage,1991
Seamaster Diver 300M Co-Axial Master Chronometer,210.30.42.20.03.001,https://www.chronext.com/omega/seamaster/210-30-42-20-03-001/V29470,"5,230","5,230",Unworn - New,2021
Seamaster Diver 300M Co-Axial Master Chronometer,210.32.42.20.03.001,https://www.chronext.com/omega/seamaster/210-32-42-20-03-001/V29469,"4,650","4,650",Unworn - New,2021
Submersible,PAM00973,https://www.chronext.com/panerai/submersible/pam00973/V29560,"7,910","7,910",Unworn - New,2021
Clé,WSCL0007,https://www.chronext.com/cartier/cle/wscl0007/V33406,"3,810","3,810",Like New,2021
Seamaster Aqua Terra 150 M Co-Axial Master Chronometer,220.10.41.21.01.001,https://www.chronext.com/omega/seamaster/220-10-41-21-01-001/V29380,"5,090","5,410",Unworn - New,2021
Seamaster Aqua Terra 150 M Quartz,231.10.39.60.02.001,https://www.chronext.com/omega/seamaster/231-10-39-60-02-001/V35162,"1,970","1,970",Very Good,2021
Black Bay,79030B,https://www.chronext.com/tudor/black-bay/79030b/V29578,"3,740","4,720",Unworn - New,2021
Black Bay Bronze,79250BA,https://www.chronext.com/tudor/black-bay/79250ba/V43421,"4,280","4,280",Unworn - New,2022
Black Bay 41,79540,https://www.chronext.com/tudor/black-bay/79540/V31236,"2,800","3,780",Unworn - New,2021
Black Bay,79230B,https://www.chronext.com/tudor/black-bay/79230b/V29487,"3,070","3,070",Unworn - New,2021
Chronomat 41,AB0140,https://www.chronext.com/breitling/chronomat/ab0140/V33284,"4,530","4,550",Very Good,<div>CHRONEXT Certificate</div>
Seamaster Diver 300M,210.22.42.20.03.002,https://www.chronext.com/omega/seamaster/210-22-42-20-03-002/V20014,"5,840","5,840",Unworn - New,2021
Explorer II,16570,https://www.chronext.com/rolex/explorer-ii/16570/V34051,"9,220","9,220",Very Good,2006
Seamaster Diver 300M 007 Edition,210.90.42.20.01.001,https://www.chronext.com/omega/seamaster/210-90-42-20-01-001/V38904,"9,380","9,380",Unworn - New,2022
Big Bang,301.SX.1170.GR.1104,https://www.chronext.com/hublot/big-bang/301-sx-1170-gr-1104/V34768,"11,870","11,870",Like New,2017
Superocean 42,A17364,https://www.chronext.com/breitling/superocean/a17364/V46579,"2,450","2,450",Very Good,2012
Black Bay 36,79500,https://www.chronext.com/tudor/black-bay/79500/V29829,"3,070","3,130",Unworn - New,2021
Explorer I,214270,https://www.chronext.com/rolex/explorer/214270/V29195,"14,240","14,240",Unworn - New,2021
Speedmaster Michael Schumacher Racing,3510.61.00,https://www.chronext.com/omega/speedmaster/3510-61-00/V35196,"3,170","3,170",Vintage,1995
Seamaster Aqua Terra 150 M,220.10.41.21.10.001,https://www.chronext.com/omega/seamaster/220-10-41-21-10-001/V39892,"5,350","5,350",Unworn - New,2022
Seamaster Aqua Terra 150 M Co-Axial Master Chronometer,220.10.38.20.01.001,https://www.chronext.com/omega/seamaster/220-10-38-20-01-001/V29235,"5,680","5,680",Unworn - New,2021
Black Bay,79230N,https://www.chronext.com/tudor/black-bay/79230n/V29490,"4,930","4,930",Unworn - New,2021
Oyster Perpetual,126000,https://www.chronext.com/rolex/oyster-perpetual/126000/V34619,"23,390","23,390",Unworn - New,2021
Chronospace,A78365,https://www.chronext.com/breitling/chronospace/a78365/V35377,"3,330","3,740",Very Good,2011
Aquaracer Professinal 300,WBP201C.BA0632,https://www.chronext.com/tag-heuer/aquaracer/wbp201c-ba0632/V31566,"2,410","2,410",Unworn - New,2021
Luminor Chrono Daylight,PAM00236,https://www.chronext.com/panerai/luminor/pam00236/V46842,"5,800","5,800",Vintage,2002
Seamaster Diver 300M Co-Axial Master Chronometer,210.30.42.20.03.001,https://www.chronext.com/omega/seamaster/210-30-42-20-03-001/V43642,"5,230","5,230",Unworn - New,2022
Submariner No Date,14060M,https://www.chronext.com/rolex/submariner/14060m/V35782,"10,520","10,610",Vintage,1995
Datejust 41,126333,https://www.chronext.com/rolex/datejust/126333/V43946,"28,560","28,560",Unworn - New,2022
Seamaster Aqua Terra 150 M Co-Axial Master Chronometer,220.10.41.21.01.001,https://www.chronext.com/omega/seamaster/220-10-41-21-01-001/V46391,"4,960","4,960",Unworn - New,2022
Casablanca,5850,https://www.chronext.com/franck-muller/casablanca/5850/V34820,"3,070","3,090",Good,2012
Aviator,BR01-93,https://www.chronext.com/bell+ross/aviator/br01-93/V35380,"2,460","2,460",Good,2015
Seamaster Diver 300M Master Co-Axial,210.20.42.20.03.001,https://www.chronext.com/omega/seamaster/210-20-42-20-03-001/V29819,"8,890","8,890",Unworn - New,2021
Navitimer Twin Sixty II,A39022.1,https://www.chronext.com/breitling/navitimer/a39022-1/V46294,"4,760","4,760",Good,<div>Original papers</div><div>CHRONEXT Certificate</div>
Black Bay GMT,79830RB,https://www.chronext.com/tudor/black-bay/79830rb/V46844,"3,900","3,900",Like New,2021
Pilot's Watch Chronograph Spitfire,IW371701,https://www.chronext.com/iwc/pilot-s-watch/iw371701/V36251,"3,600","3,890",Good,2010
Speedmaster Date,3513.50.00,https://www.chronext.com/omega/speedmaster/3513-50-00/V46390,"2,450","2,450",Vintage,<div>CHRONEXT Certificate</div>
Galactic Unitime SleekT,WB3510U0.A777,https://www.chronext.com/breitling/galactic/wb3510u0-a777/V34108,"4,680","4,680",Unworn - New,2022
Submariner Date,126610LV,https://www.chronext.com/rolex/submariner/126610lv/V39780,"40,720","40,720",Unworn - New,2022
Luminor Marina,PAM00299,https://www.chronext.com/panerai/luminor/pam00299/V35333,"4,690","4,690",Very Good,2013
Autavia Isograph Automatik 42mm,WBE5190.FC8268,https://www.chronext.com/tag-heuer/autavia-isograph/wbe5190-fc8268/V22658,"3,180","3,180",Unworn - New,2021
Speedmaster Professional Moonwatch Tokyo Olympic,522.20.42.30.01.001,https://www.chronext.com/omega/speedmaster/522-20-42-30-01-001/V34319,"9,320","9,690",Unworn - New,2020
Luminor Luminor Marina,PAM00061,https://www.chronext.com/panerai/luminor/pam00061/V36746,"4,690","4,690",Vintage,2001
Classic Fusion Black Magic,548.CM.1170.CM,https://www.chronext.com/hublot/classic-fusion/548-cm-1170-cm/V37059,"13,000","13,000",Unworn - New,2021
Master Control,4128420,https://www.chronext.com/jaeger-lecoultre/master/4128420/V32087,"10,030","11,280",Unworn - New,2021
Zürich,801,https://www.chronext.com/nomos/zuerich/801/D1172,"2,630","2,940",Unworn - New,2021
Andreas Huber,IW376710,https://www.chronext.com/iwc/andreas-huber/iw376710/V34479,"4,210","4,210",Like New,<div>Original papers</div><div>CHRONEXT Certificate</div>
Navitimer,A33030,https://www.chronext.com/breitling/navitimer/a33030/V33199,"3,780","3,780",Vintage,1996
Seamaster 300 M,2561.80.00,https://www.chronext.com/omega/seamaster/2561-80-00/V35034,"1,820","1,980",Vintage,<div>Original papers</div><div>CHRONEXT Certificate</div>
Seamaster Diver 300M Co-Axial Master Chronometer,210.32.42.20.06.001,https://www.chronext.com/omega/seamaster/210-32-42-20-06-001/V43645,"6,630","6,630",Unworn - New,2022
Luminor Composite  1950 3 Days Ltd.,PAM00375,https://www.chronext.com/panerai/luminor/pam00375/V36912,"9,100","9,100",Very Good,<div>Original papers</div><div>CHRONEXT Certificate</div>
Speedmaster,311.30.42.30.01.006,https://www.chronext.com/omega/speedmaster/311-30-42-30-01-006/V35168,"5,830","5,830",Like New,2019
Big Bang Evolution,301.SX.1170.RX,https://www.chronext.com/hublot/big-bang/301-sx-1170-rx/V36784,"8,670","8,670",Like New,<div>CHRONEXT Certificate</div>
Chronomat 44,AB0110,https://www.chronext.com/breitling/chronomat/ab0110/V36286,"4,280","4,280",Very Good,2011
Link Automatik Chronograph,CBC2112.BA0603,https://www.chronext.com/tag-heuer/link/cbc2112-ba0603/C78192,"4,890","4,890",Unworn - New,2021
Autavia,WBE5114.EB0173,https://www.chronext.com/tag-heuer/autavia/wbe5114-eb0173/V16757,"2,300","3,950",Unworn - New,2021
Black Bay Fifty-Eight,79030B,https://www.chronext.com/tudor/black-bay/79030b/V29884,"3,910","4,350",Unworn - New,2021
Chronomaster Sport,03.3100.3600/21.M3100,https://www.chronext.com/zenith/chronomaster/03-3100-3600-21-m3100/V35995,"16,590","16,590",Unworn - New,2021
Seamaster Professional 300M,2532.80.00,https://www.chronext.com/omega/seamaster/2532-80-00/V34340,"2,690","2,740",Vintage,2000
Seamaster Diver 300m,210.30.42.20.04.001,https://www.chronext.com/omega/seamaster/210-30-42-20-04-001/V43311,"5,240","5,240",Unworn - New,2022
Superocean Heritage Chronograph 44 Outerknown,M133132A1C1W1,https://www.chronext.com/breitling/superocean/m133132a1c1w1/V37188,"4,510","4,510",Like New,2021
Bentley GMT Light Body Chronograph,EB043210.M533,https://www.chronext.com/breitling/bentley/eb043210-m533/V31183,"7,100","10,990",Unworn - New,2022
1858 Automatic Chronograph,117835,https://www.chronext.com/montblanc/1858/117835/V11203,"2,650","3,690",Unworn - New,2020
Polaris Chronograph WT,905T471,https://www.chronext.com/jaeger-lecoultre/polaris/905t471/V21660,"12,750","12,750",Unworn - New,2021
Seamaster Diver 300M,210.20.42.20.01.002,https://www.chronext.com/omega/seamaster/210-20-42-20-01-002/V20020,"8,940","8,940",Unworn - New,2021
Black Bay,79030N,https://www.chronext.com/tudor/black-bay/79030n/V29272,"4,370","4,410",Unworn - New,2021
Captain Central Second,51.2020.670/01.M2020,https://www.chronext.com/zenith/captain/51-2020-670-01-m2020/U4542,"5,110","8,930",Unworn - New,2020
Black Bay Fifty-Eight,79030B,https://www.chronext.com/tudor/black-bay/79030b/V29885,"4,070","4,510",Unworn - New,2021
Formula 1 Calibre 16 Automatic Chronograph,CAZ2012.BA0970,https://www.chronext.com/tag-heuer/formula-1/caz2012-ba0970/V37240,"2,860","2,860",Unworn - New,2022
Chronomat,AB0412,https://www.chronext.com/breitling/chronomat/ab0412/V33028,"4,540","4,540",Like New,2012
Yacht-Master II,116681,https://www.chronext.com/rolex/yacht-master-ii/116681/V45854,"32,300","32,300",Unworn - New,2022
Seamaster Professional 300M,2598.80.00,https://www.chronext.com/omega/seamaster/2598-80-00/V35242,"2,720","2,720",Vintage,1999
Avenger,A133171A1B1X1,https://www.chronext.com/breitling/avenger/a133171a1b1x1/V33454,"4,350","4,820",Like New,2020
Mille Miglia GTS Chrono,168571-3001,https://www.chronext.com/chopard/mille-miglia/168571-3001/S3278,"7,450","7,450",Unworn - New,2022
Black Bay Bronze,79250BM,https://www.chronext.com/tudor/black-bay/79250bm/V36108,"2,970","3,150",Good,2017
Seamaster Aqua Terra 150M,220.12.41.21.02.005,https://www.chronext.com/omega/seamaster/220-12-41-21-02-005/V46472,"5,300","5,300",Unworn - New,2022
Seamaster Diver 300M Master Co-Axial,210.60.42.20.99.001,https://www.chronext.com/omega/seamaster/210-60-42-20-99-001/C77616,"10,660","12,370",Unworn - New,2021
El Primero Chromaster Revival A385,03.A384.400/385.M385,https://www.chronext.com/zenith/el-primero/03-a384-400-385-m385/V36860,"6,740","6,740",Unworn - New,2021
Seamaster Aqua Terra 150M,220.10.41.21.02.004,https://www.chronext.com/omega/seamaster/220-10-41-21-02-004/V46471,"6,170","6,170",Unworn - New,2022
Lambda 39,953,https://www.chronext.com/nomos/lambda/953/C57850,"10,840","11,550",Unworn - New,2021
Luminor Base 8 Days Acciaio,PAM00560,https://www.chronext.com/panerai/luminor/pam00560/V34380,"4,520","4,580",Very Good,2016
Big Pilot Le Petit Prince,IW500916,https://www.chronext.com/iwc/big-pilot/iw500916/V34592,"10,110","10,110",Very Good,2019
Seamaster Diver 300m Chronograph,210.20.44.51.01.001,https://www.chronext.com/omega/seamaster/210-20-44-51-01-001/V14846,"11,360","11,360",Unworn - New,2021
Speedmaster,311.30.42.30.01.006,https://www.chronext.com/omega/speedmaster/311-30-42-30-01-006/V14414,"8,280","8,280",Like New,2019
Transocean Chronograph 1915,AB141112.G799.433X.A20BA.1,https://www.chronext.com/breitling/transocean/ab141112-g799-433x-a20ba-1/V32577,"5,400","5,400",Like New,2021
Big Bang Evolution,301.PX.1180.RX.1104,https://www.chronext.com/hublot/big-bang/301-px-1180-rx-1104/V34304,"22,440","22,440",Good,<div>Original papers</div><div>CHRONEXT Certificate</div>
Seamaster Planet Ocean 600M,215.30.44.21.01.001,https://www.chronext.com/omega/seamaster/215-30-44-21-01-001/V37535,"5,860","5,860",Unworn - New,2022
GST,IW370703,https://www.chronext.com/iwc/gst/iw370703/V36430,"3,020","3,100",Vintage,1999
Carrera Calibre Heuer 02,CBG2A10.FT6168,https://www.chronext.com/tag-heuer/carrera/cbg2a10-ft6168/V40382,"4,760","4,760",Unworn - New,2022
Portofino Hand-Wound Eight Days,IW510116,https://www.chronext.com/iwc/portofino/iw510116/V32832,"7,270","7,270",Very Good,2019
Black Bay S&amp;G,79733N,https://www.chronext.com/tudor/black-bay/79733n/V37745,"4,920","4,920",Unworn - New,2022
Seamaster Aqua Terra 150 M Co-Axial Master Chronometer,220.10.41.21.01.001,https://www.chronext.com/omega/seamaster/220-10-41-21-01-001/V39536,"5,410","5,410",Unworn - New,2022
Speedmaster Date,3513.50.00,https://www.chronext.com/omega/speedmaster/3513-50-00/V36979,"2,540","2,540",Vintage,<div>CHRONEXT Certificate</div>
Seamaster Diver 300M Co-Axial Master Chronometer,210.22.42.20.01.002,https://www.chronext.com/omega/seamaster/210-22-42-20-01-002/V43253,"6,730","6,730",Unworn - New,2022
Black Bay Dark,79230DK,https://www.chronext.com/tudor/black-bay/79230dk/V14362,"3,810","3,820",Unworn - New,2021
Chronomaster El Primero Full Open,03.2153.400.78.M2150,https://www.chronext.com/zenith/chronomaster/03-2153-400-78-m2150/V29866,"8,080","8,080",Unworn - New,2021
Bentley GMT B04 S Carbon Body,NB0434E5.BE94.232S.X20DSA.4,https://www.chronext.com/breitling/bentley/nb0434e5-be94-232s-x20dsa-4/V33015,"12,560","19,450",Unworn - New,2022
Speedmaster Date,3513.50.00,https://www.chronext.com/omega/speedmaster/3513-50-00/V36417,"2,410","2,500",Vintage,<div>CHRONEXT Certificate</div>
El Primero Rainbow,02.0370.400,https://www.chronext.com/zenith/el-primero/02-0370-400/V32865,"3,050","3,410",Vintage,2002
Seamaster Diver 300M Co-Axial Chronometer,210.30.42.20.06.001,https://www.chronext.com/omega/seamaster/210-30-42-20-06-001/V43644,"4,650","4,650",Unworn - New,2022
Seamaster 300CO‑AXIAL MASTER CHRONOMETER 41 MM,234.30.41.21.03.001,https://www.chronext.com/omega/seamaster/234-30-41-21-03-001/V38627,"6,520","6,520",Unworn - New,2022
Speedmaster Chronoscope,329.30.43.51.03.001,https://www.chronext.com/omega/speedmaster/329-30-43-51-03-001/V46473,"8,030","8,030",Unworn - New,2022
Seamaster Professional Chrono Diver,2599.80.00,https://www.chronext.com/omega/seamaster/2599-80-00/V33375,"2,950","3,040",Vintage,1999
Classic Fusion Ceramic Blue,510.CM.7170.CM,https://www.chronext.com/hublot/classic-fusion/510-cm-7170-cm/V29744,"9,190","11,190",Unworn - New,2021
Pilot's Watch 43,IW329304,https://www.chronext.com/iwc/pilot-s-watch/iw329304/V31413,"8,440","8,440",Unworn - New,2021
Portugieser Yacht Club Chronograph,IW390503,https://www.chronext.com/iwc/portugieser/iw390503/V36590,"7,910","7,940",Very Good,2016
Formula 1,CAZ101AH.BA0842,https://www.chronext.com/tag-heuer/formula-1/caz101ah-ba0842/V31554,"1,610","1,610",Unworn - New,2021
Big Bang Unico King,411.OM.1180.RX,https://www.chronext.com/hublot/big-bang/411-om-1180-rx/V34312,"22,730","22,730",Good,2017
Classic Fusion Ceramic Blue,548.CM.7170.CM,https://www.chronext.com/hublot/classic-fusion/548-cm-7170-cm/C78055,"12,910","12,910",Unworn - New,2021
Speedmaster,311.32.42.30.13.001,https://www.chronext.com/omega/speedmaster/311-32-42-30-13-001/V35184,"7,170","7,170",Like New,2013
Luminor Base Logo,PAM01086,https://www.chronext.com/panerai/luminor/pam01086/V38426,"4,740","4,740",Unworn - New,2022
Chronomat,AB0110,https://www.chronext.com/breitling/chronomat/ab0110/V34453,"4,710","4,870",Good,2011
Martin Baker MBII,MBII BLUE,https://www.chronext.com/bremont/martin-baker-mbii/mbii-blue/U4897,"3,490","4,140",Unworn - New,2019
Speedmaster Moonwatch Professional Chronograph,3570.50.00,https://www.chronext.com/omega/speedmaster/3570-50-00/V36910,"4,930","4,930",Very Good,2005
Seamaster Aqua Terra 150 M Co-Axial Master Chronometer,220.10.38.20.01.001,https://www.chronext.com/omega/seamaster/220-10-38-20-01-001/V37531,"5,680","5,680",Unworn - New,2022
Pilot's Watch 43,IW329303,https://www.chronext.com/iwc/pilot-s-watch/iw329303/V38769,"7,990","7,990",Unworn - New,2022
Tank Must,WSTA0053,https://www.chronext.com/cartier/tank/wsta0053/V38535,"4,080","4,080",Unworn - New,2022
Black Bay Heritage,79220N,https://www.chronext.com/tudor/black-bay/79220n/V46567,"5,710","5,710",Very Good,2016
Seamaster Diver 300M Co-Axial Master Chronometer,210.32.42.20.03.001,https://www.chronext.com/omega/seamaster/210-32-42-20-03-001/V43643,"4,650","4,650",Unworn - New,2022
Luminor,PAM01084,https://www.chronext.com/panerai/luminor/pam01084/V34383,"5,050","5,060",Very Good,2021
Portugieser Chronograph,IW371491,https://www.chronext.com/iwc/portugieser/iw371491/V36246,"5,490","5,570",Very Good,2018
Speedmaster,3513.30.00,https://www.chronext.com/omega/speedmaster/3513-30-00/V35961,"2,400","2,460",Vintage,1998
Speedmaster Chronoscope Co-Axial Master Chronometer Chronograph,329.30.43.51.02.001,https://www.chronext.com/omega/speedmaster/329-30-43-51-02-001/V46474,"8,280","8,280",Unworn - New,2022
Classic Fusion Black Magic,511.CM.1171.RX,https://www.chronext.com/hublot/classic-fusion/511-cm-1171-rx/V42432,"7,600","7,600",Unworn - New,2022
Type XX,3800,https://www.chronext.com/breguet/type-xx/3800/V35216,"5,260","5,300",Good,<div>CHRONEXT Certificate</div>
Speedmaster,3510.50.00,https://www.chronext.com/omega/speedmaster/3510-50-00/V37160,"2,720","2,720",Vintage,<div>CHRONEXT Certificate</div>
Luminor Base 8 Days Acciaio,PAM00561,https://www.chronext.com/panerai/luminor/pam00561/V35295,"5,080","5,080",Very Good,2014
Transocean Chronograph Unitime,RB0510U0.A733.256S.R20D.3,https://www.chronext.com/breitling/transocean/rb0510u0-a733-256s-r20d-3/V31756,"15,530","23,090",Unworn - New,2022
Ingenieur,IW500501,https://www.chronext.com/iwc/ingenieur/iw500501/V37130,"5,430","5,430",Very Good,<div>CHRONEXT Certificate</div>
Navitimer,A30022,https://www.chronext.com/breitling/navitimer/a30022/V36540,"3,630","3,630",Good,<div>CHRONEXT Certificate</div>
Chronomat 44,AB01104D/BC62 ,https://www.chronext.com/breitling/chronomat/ab01104d-bc62/V32325,"4,330","4,860",Like New,2018
Luminor 1950 Submersible Depth Gauge,PAM00193,https://www.chronext.com/panerai/luminor/pam00193/V32833,"10,020","10,020",Good,<div>Original papers</div><div>CHRONEXT Certificate</div>
Seamaster Professional,2531.8,https://www.chronext.com/omega/seamaster/2531-8/V35241,"2,810","2,810",Vintage,1996
Mille Miglia,161274-5006,https://www.chronext.com/chopard/mille-miglia/161274-5006/V14485,"14,700","19,600",Unworn - New,2022
Seamaster Professional 300M,2541.80.00,https://www.chronext.com/omega/seamaster/2541-80-00/V36327,"2,660","2,780",Vintage,<div>Original papers</div><div>CHRONEXT Certificate</div>
Pilot's Watch  Chronograph Antoine de Saint Exupery 1630 Limited,IW371709,https://www.chronext.com/iwc/pilot-s-watch/iw371709/V33721,"4,680","4,740",Good,2007
Speedmaster,3290.50.00,https://www.chronext.com/omega/speedmaster/3290-50-00/V35245,"2,350","2,390",Very Good,<div>CHRONEXT Certificate</div>
Black Bay P01,70150,https://www.chronext.com/tudor/black-bay/70150/V20376,"4,050","4,070",Unworn - New,2021
Constellation,131.10.39.20.06.001,https://www.chronext.com/omega/constellation/131-10-39-20-06-001/V24125,"4,900","4,900",Unworn - New,2021
Speedmaster Professional Moonwatch,3590.50.00,https://www.chronext.com/omega/speedmaster/3590-50-00/V33243,"5,930","6,020",Vintage,1985
Big Bang Evolution,301.QX.1724.RX,https://www.chronext.com/hublot/big-bang/301-qx-1724-rx/V37101,"11,560","11,560",Good,2012
Speedmaster,321.33.44.52.01.001,https://www.chronext.com/omega/speedmaster/321-33-44-52-01-001/V34309,"4,400","4,570",Very Good,2016
Speedmaster Date,3513.50.00,https://www.chronext.com/omega/speedmaster/3513-50-00/V37179,"2,680","2,680",Vintage,<div>CHRONEXT Certificate</div>
Seamaster Planet Ocean Limited Edition,222.30.42.20.01.001,https://www.chronext.com/omega/seamaster/222-30-42-20-01-001/V34298,"8,210","8,280",Very Good,2010
Speedmaster,3590.50.00,https://www.chronext.com/omega/speedmaster/3590-50-00/V37054,"4,530","4,530",Vintage,1985
Submersible,PAM01305,https://www.chronext.com/panerai/submersible/pam01305/V37499,"8,500","8,500",Unworn - New,2022
Aquatimer,IW354805,https://www.chronext.com/iwc/aquatimer/iw354805/V35327,"4,240","4,330",Very Good,2006
Black Bay Chrono,79360N,https://www.chronext.com/tudor/black-bay/79360n/V38810,"6,380","6,380",Unworn - New,2022
Portofino,IW391002,https://www.chronext.com/iwc/portofino/iw391002/V36672,"3,980","3,980",Like New,2012
Day-Date 40,228238,https://www.chronext.com/rolex/day-date/228238/V44896,"70,030","70,030",Unworn - New,2022
Diver Hammerhead Shark,3203-500-93,https://www.chronext.com/ulysse-nardin/diver/3203-500-93/V35361,"7,360","7,360",Very Good,<div>Original papers</div><div>CHRONEXT Certificate</div>
Master,1628420,https://www.chronext.com/jaeger-lecoultre/master/1628420/V36440,"5,510","5,570",Good,2005
Sea-Dweller,126603,https://www.chronext.com/rolex/sea-dweller/126603/V43055,"35,380","35,380",Unworn - New,2022
"Speedmaster Moonwatch - ""Dark Side of the Moon""",311.92.44.51.01.007,https://www.chronext.com/omega/speedmaster/311-92-44-51-01-007/V38691,"11,300","11,300",Unworn - New,2022
Geneve,5850CASA,https://www.chronext.com/franck-muller/geneve/5850casa/V34417,"3,620","3,620",Good,<div>CHRONEXT Certificate</div>
Polaris Date,9068670,https://www.chronext.com/jaeger-lecoultre/polaris/9068670/V29780,"7,720","7,790",Unworn - New,2021
Datejust 41,126334,https://www.chronext.com/rolex/datejust/126334/V37301,"25,050","25,050",Unworn - New,2022
Sky-Dweller,326934,https://www.chronext.com/rolex/sky-dweller/326934/V38791,"65,540","65,540",Unworn - New,2022
Speedmaster Date,3513.50.00,https://www.chronext.com/omega/speedmaster/3513-50-00/V36358,"2,670","2,780",Vintage,<div>CHRONEXT Certificate</div>
104 St Sa A,104.011,https://www.chronext.com/sinn/104-st-sa-a/104-011/C79568,"1,150","1,150",Unworn - New,2022
Seamaster Diver,2262.50.00,https://www.chronext.com/omega/seamaster/2262-50-00/V33277,"2,480","2,510",Vintage,1998
Carrera,CBN2A1A.BA0643,https://www.chronext.com/tag-heuer/carrera/cbn2a1a-ba0643/V38919,"4,350","4,350",Unworn - New,2022
Speedmaster Moonwatch,3592.50.00,https://www.chronext.com/omega/speedmaster/3592-50-00/V33391,"6,100","6,120",Vintage,1995
Big Bang,341.SX.130.RX.114,https://www.chronext.com/hublot/big-bang/341-sx-130-rx-114/V39238,"11,770","11,770",Unworn - New,2022
Carrera Twin Time,WBN201A.BA0640,https://www.chronext.com/tag-heuer/carrera/wbn201a-ba0640/V46779,"2,560","2,560",Unworn - New,2022
Aquaracer Professional 200 Date,WBP2110.BA0627,https://www.chronext.com/tag-heuer/aquaracer/wbp2110-ba0627/V46465,"2,020","2,020",Unworn - New,2022
"Submersible ""SIHH 2019""",PAM00683,https://www.chronext.com/panerai/submersible/pam00683/V43476,"8,530","8,530",Unworn - New,2022
Speedmaster Moonwatch Professional,310.30.42.50.01.001,https://www.chronext.com/omega/speedmaster/310-30-42-50-01-001/V38843,"6,050","6,050",Unworn - New,2022
Seamaster Railmaster,220.10.40.20.01.001,https://www.chronext.com/omega/seamaster/220-10-40-20-01-001/V38144,"4,200","4,200",Unworn - New,2022
104 St Sa I A,104.014,https://www.chronext.com/sinn/104-st-sa-i/104-014/V23354,"1,150","1,150",Unworn - New,2022
Seamaster Aqua Terra 150 M Co-Axial Master Chronometer,220.10.38.20.02.001,https://www.chronext.com/omega/seamaster/220-10-38-20-02-001/V37530,"4,660","4,660",Unworn - New,2022
Formula 1 X Red Bull Racing,CAZ101AL.BA0842,https://www.chronext.com/tag-heuer/formula-1/caz101al-ba0842/V46510,"1,790","1,790",Unworn - New,2022
Aquaracer Professional 200 ,WBP1111.BA0627,https://www.chronext.com/tag-heuer/aquaracer/wbp1111-ba0627/V47032,"1,510","1,510",Unworn - New,2022
Seamaster Diver 300M Master Co-Axial,210.20.42.20.03.001,https://www.chronext.com/omega/seamaster/210-20-42-20-03-001/V37969,"8,940","8,940",Unworn - New,2022
Carrera,WBN2010.BA0640,https://www.chronext.com/tag-heuer/carrera/wbn2010-ba0640/V46516,"2,240","2,240",Unworn - New,2022
U1 Taucheruhr,1010.010,https://www.chronext.com/sinn/u1/1010-010/C79550,"1,970","1,970",Unworn - New,2022
Formula 1,CAZ101AH.BA0842,https://www.chronext.com/tag-heuer/formula-1/caz101ah-ba0842/V38710,"1,580","1,580",Unworn - New,2022
Big Bang,301.SB.131.RX,https://www.chronext.com/hublot/big-bang/301-sb-131-rx/V37316,"10,220","10,220",Unworn - New,2022
Big Bang Unico Titanium White Diamonds 42 mm,441.NE.2010.RW.1104,https://www.chronext.com/hublot/big-bang/441-ne-2010-rw-1104/V42033,"17,300","17,300",Unworn - New,2022
Black Bay Fifty-Eight,79030B,https://www.chronext.com/tudor/black-bay/79030b/V39854,"4,000","4,350",Unworn - New,2022
Speedmaster Professional Moonwatch,145.0022,https://www.chronext.com/omega/speedmaster/145-0022/V32687,"5,690","5,910",Vintage,1974
Aquaracer Professional 200 Date,WBP2111.BA0627,https://www.chronext.com/tag-heuer/aquaracer/wbp2111-ba0627/V46464,"2,190","2,190",Unworn - New,2022
Formula 1,WAZ1110.BA0875,https://www.chronext.com/tag-heuer/formula-1/waz1110-ba0875/V37247,"1,080","1,080",Unworn - New,2022
U1 S E,1010.023,https://www.chronext.com/sinn/u1-s-e/1010-023/C57372,"2,380","2,380",Unworn - New,2022
Seamaster Diver 300M Midsize,2551.80.00,https://www.chronext.com/omega/seamaster/2551-80-00/V35211,"3,100","3,250",Vintage,<div>CHRONEXT Certificate</div>
1746 Klassik,1746.011,https://www.chronext.com/sinn/1746/1746-011/C51493,"1,700","1,700",Unworn - New,2022
Seamaster Diver 300M,210.22.42.20.03.001,https://www.chronext.com/omega/seamaster/210-22-42-20-03-001/V41679,"5,840","5,840",Unworn - New,2022
Master of Complications Square,6000 K SC DT REL R,https://www.chronext.com/franck-muller/master-of-complications/6000-k-sc-dt-rel-r/V15470,"4,710","5,590",Very Good,<div>Original papers</div><div>CHRONEXT Certificate</div>
Seamaster Diver 300M Co-Axial Master Chronometer,210.30.42.20.01.001,https://www.chronext.com/omega/seamaster/210-30-42-20-01-001/V43646,"5,220","5,220",Unworn - New,2022
Carrera,CBN2010.BA0642,https://www.chronext.com/tag-heuer/carrera/cbn2010-ba0642/V38922,"4,030","4,030",Unworn - New,2022
Monaco,CBL2113.BA0644,https://www.chronext.com/tag-heuer/monaco/cbl2113-ba0644/V38910,"5,200","5,770",Unworn - New,2022
Aquaracer,WAY201T.BA0927,https://www.chronext.com/tag-heuer/aquaracer/way201t-ba0927/V38711,"2,480","2,480",Unworn - New,2022
Aquaracer Quartz,WAY111Z.BA0928,https://www.chronext.com/tag-heuer/aquaracer/way111z-ba0928/V44586,"1,360","1,360",Unworn - New,2022
Autavia Isograph Automatik 42mm,WBE5190.FC8268,https://www.chronext.com/tag-heuer/autavia-isograph/wbe5190-fc8268/V40320,"2,830","2,830",Unworn - New,2022
Carrera Calibre,CV201AR.BA0715,https://www.chronext.com/tag-heuer/carrera/cv201ar-ba0715/V37965,"3,570","3,570",Unworn - New,2022
Submariner Date,126618LN,https://www.chronext.com/rolex/submariner/126618ln/V45618,"54,550","54,550",Unworn - New,2022
Seamaster Diver 300m,210.32.42.20.04.001,https://www.chronext.com/omega/seamaster/210-32-42-20-04-001/V43310,"4,560","4,560",Unworn - New,2022
Seamaster Diver 300M Co-Axial Chronometer,210.32.42.20.01.001,https://www.chronext.com/omega/seamaster/210-32-42-20-01-001/V43647,"4,930","4,930",Unworn - New,2022
Formula 1,CAZ101AG.BA0842,https://www.chronext.com/tag-heuer/formula-1/caz101ag-ba0842/V38708,"1,580","1,580",Unworn - New,2022
Seamaster Aqua Terra 150 M Co-Axial Master Chronometer,220.10.38.20.03.001,https://www.chronext.com/omega/seamaster/220-10-38-20-03-001/V39762,"5,340","5,340",Unworn - New,2022
Black Bay S&amp;G,79733N,https://www.chronext.com/tudor/black-bay/79733n/V37744,"3,490","3,490",Unworn - New,2022
Seamaster Diver 300m Chronograph,210.30.44.51.06.001,https://www.chronext.com/omega/seamaster/210-30-44-51-06-001/V43318,"6,960","6,960",Unworn - New,2022
El Primero Chrono Flyback Stratos Auto,24.2061.4057/67.C707,https://www.chronext.com/zenith/el-primero/24-2061-4057-67-c707/V29322,"5,250","6,760",Like New,2016
Seamaster Aqua Terra 150 M Co-Axial Master Chronometer,220.12.38.20.03.001,https://www.chronext.com/omega/seamaster/220-12-38-20-03-001/V39133,"4,430","4,430",Unworn - New,2022
Da Vinci Chronograph Laureus,IW3764,https://www.chronext.com/iwc/da-vinci/iw3764/V30963,"6,320","8,190",Like New,2016
Carrera,CBN2A10.BA0643,https://www.chronext.com/tag-heuer/carrera/cbn2a10-ba0643/V38917,"4,230","4,230",Unworn - New,2022
Classic Fusion Ultra Thin,545.NX.2210.LR,https://www.chronext.com/hublot/classic-fusion/545-nx-2210-lr/V39861,"9,870","9,870",Unworn - New,2022
Classic Fusion,511.NX.1171.RX,https://www.chronext.com/hublot/classic-fusion/511-nx-1171-rx/V44268,"5,550","5,550",Unworn - New,2022
Sixties,1-39-52-04-02-04,https://www.chronext.com/glashuette-original/sixties/1-39-52-04-02-04/V31572,"5,080","5,080",Very Good,2018
Aquaracer Professional 200 ,WBP1110.BA0627,https://www.chronext.com/tag-heuer/aquaracer/wbp1110-ba0627/V46467,"1,510","1,510",Unworn - New,2022
Formula 1 Calibre 16 Automatic Chronograph,CAZ2010.BA0876,https://www.chronext.com/tag-heuer/formula-1/caz2010-ba0876/V44585,"2,210","2,210",Unworn - New,2022
836,836.010,https://www.chronext.com/sinn/836/836-010/V23618,"1,580","1,580",Unworn - New,2022
Classic Fusion Power Reserve 8 Days,516.OX.1480.LR,https://www.chronext.com/hublot/classic-fusion/516-ox-1480-lr/V39860,"23,090","23,090",Unworn - New,2022
Formula 1,CAZ101AG.FC8304,https://www.chronext.com/tag-heuer/formula-1/caz101ag-fc8304/V38709,"1,430","1,430",Unworn - New,2022
Black Bay,79230B,https://www.chronext.com/tudor/black-bay/79230b/V43402,"3,610","3,610",Unworn - New,2022
Classic Fusion,568.NX.1170.NX,https://www.chronext.com/hublot/classic-fusion/568-nx-1170-nx/V44266,"5,840","5,840",Unworn - New,2022
Seamaster Diver 300m Chronograph,210.32.44.51.01.001,https://www.chronext.com/omega/seamaster/210-32-44-51-01-001/V43316,"6,610","6,610",Unworn - New,2022
Black Bay Chrono,79360N,https://www.chronext.com/tudor/black-bay/79360n/V38809,"6,440","6,440",Unworn - New,2022
Seamaster Aqua Terra 150 M Co-Axial Master Chronometer,220.10.41.21.06.001,https://www.chronext.com/omega/seamaster/220-10-41-21-06-001/V39124,"4,660","4,660",Unworn - New,2022
Submariner,124060,https://www.chronext.com/rolex/submariner/124060/V45624,"15,320","15,320",Unworn - New,2022
Fifty Fathoms Bathyscaphe,5000 1110 B52A,https://www.chronext.com/blancpain/fifty-fathoms/5000-1110-b52a/V41537,"7,780","7,780",Unworn - New,2022
Carrera Calibre 16,CBM2112.BA0651,https://www.chronext.com/tag-heuer/carrera/cbm2112-ba0651/V40793,"3,410","3,410",Unworn - New,2022
Seamaster Professional Diver 300M,2531.80.00,https://www.chronext.com/omega/seamaster/2531-80-00/V33222,"3,070","3,110",Vintage,1999
Carrera Calibre 16,CBM2110.FC6454,https://www.chronext.com/tag-heuer/carrera/cbm2110-fc6454/V40794,"3,250","3,250",Unworn - New,2022
Speedmaster Moonwatch Professional Chronograph,3570.50.00,https://www.chronext.com/omega/speedmaster/3570-50-00/V33242,"4,740","4,780",Vintage,2000
Seamaster Aqua Terra 150 M Co-Axial Master Chronometer,220.12.41.21.01.001,https://www.chronext.com/omega/seamaster/220-12-41-21-01-001/V39123,"4,430","4,430",Unworn - New,2022
Seamaster Planet Ocean 600m,215.32.44.21.04.001,https://www.chronext.com/omega/seamaster/215-32-44-21-04-001/V43304,"4,980","4,980",Unworn - New,2022
Classic Fusion,511.OX.0500.VR.BER16,https://www.chronext.com/hublot/classic-fusion/511-ox-0500-vr-ber16/V33354,"16,090","16,090",Very Good,2020
Seamaster Aqua Terra 150 M Co-Axial Master Chronometer,220.12.41.21.02.002,https://www.chronext.com/omega/seamaster/220-12-41-21-02-002/V39117,"4,430","4,430",Unworn - New,2022
Formula 1 X Red Bull Racing,CAZ101AL.FT8052,https://www.chronext.com/tag-heuer/formula-1/caz101al-ft8052/V46507,"1,660","1,660",Unworn - New,2022
Formula 1 Chronograph,CAZ1011.BA0843,https://www.chronext.com/tag-heuer/formula-1/caz1011-ba0843/V37201,"1,750","1,750",Unworn - New,2022
Seamaster Diver 300m Chronograph,210.30.44.51.03.001,https://www.chronext.com/omega/seamaster/210-30-44-51-03-001/V43319,"6,960","6,960",Unworn - New,2022
Monaco Calibre 11 Automatic Chronograph,CAW211P.FC6356,https://www.chronext.com/tag-heuer/monaco/caw211p-fc6356/V37259,"7,510","7,510",Unworn - New,2022
Seamaster Aqua Terra 150 M Co-Axial Master Chronometer,220.10.41.21.02.001,https://www.chronext.com/omega/seamaster/220-10-41-21-02-001/V39535,"4,660","4,660",Unworn - New,2022
Seamaster Diver 300M,210.22.42.20.03.002,https://www.chronext.com/omega/seamaster/210-22-42-20-03-002/V41681,"5,840","5,840",Unworn - New,2022
Heritage Kollektion,SBGA201,https://www.chronext.com/grand-seiko/heritage-kollektion/sbga201/V42065,"4,520","4,520",Unworn - New,2022
Submariner Date,126613LN,https://www.chronext.com/rolex/submariner/126613ln/V45617,"22,630","22,630",Unworn - New,2022
Submariner Date,126613LB,https://www.chronext.com/rolex/submariner/126613lb/V45621,"22,630","22,630",Unworn - New,2022
Seamaster Diver 300m,210.92.44.20.01.001,https://www.chronext.com/omega/seamaster/210-92-44-20-01-001/V43313,"6,530","6,530",Unworn - New,2022
Black Bay Chrono S&amp;G,79363N,https://www.chronext.com/tudor/black-bay/79363n/V42822,"6,090","6,090",Unworn - New,2022
Black Bay,79230N,https://www.chronext.com/tudor/black-bay/79230n/V43398,"5,070","5,070",Unworn - New,2022
Formula 1 Calibre 16 Automatic Chronograph,CAZ2015.BA0876,https://www.chronext.com/tag-heuer/formula-1/caz2015-ba0876/V39587,"2,210","2,210",Unworn - New,2022
Sport Kollektion SBGE201,SBGE201,https://www.chronext.com/grand-seiko/sport-kollektion/sbge201/V42104,"5,040","5,040",Unworn - New,2022
Submariner Date,126618LB,https://www.chronext.com/rolex/submariner/126618lb/V45619,"54,550","54,550",Unworn - New,2022
Heritage Kollektion SBGE205,SBGE205,https://www.chronext.com/grand-seiko/heritage-kollektion/sbge205/V42105,"4,500","4,500",Unworn - New,2022
Autavia,WBE5116.FC8266,https://www.chronext.com/tag-heuer/autavia/wbe5116-fc8266/V38650,"2,290","2,290",Unworn - New,2022
Luminor GMT,PAM00161,https://www.chronext.com/panerai/luminor/pam00161/V34375,"6,120","6,120",Very Good,2004
Speedmaster Moonwatch Professional,310.32.42.50.01.002,https://www.chronext.com/omega/speedmaster/310-32-42-50-01-002/V38840,"6,190","6,190",Unworn - New,2022
Radiomir Black Seal,PAM00183,https://www.chronext.com/panerai/radiomir/pam00183/V34377,"3,990","3,990",Very Good,2012
Black Bay,79030B,https://www.chronext.com/tudor/black-bay/79030b/V39855,"4,330","4,720",Unworn - New,2022
Luminor,PAM01084,https://www.chronext.com/panerai/luminor/pam01084/V34381,"5,040","5,060",Like New,2021
Ferrari,FER00025,https://www.chronext.com/panerai/ferrari/fer00025/V34466,"6,160","6,160",Like New,<div>CHRONEXT Certificate</div>
Black Bay,79230R,https://www.chronext.com/tudor/black-bay/79230r/V43396,"3,390","3,390",Unworn - New,2022
Heritage Kollektion SBGE211,SBGE211,https://www.chronext.com/grand-seiko/heritage-kollektion/sbge211/V42106,"4,500","4,500",Unworn - New,2022
Heritage Kollektion,SBGA373,https://www.chronext.com/grand-seiko/heritage-kollektion/sbga373/V42061,"4,250","4,250",Unworn - New,2022
Formula 1,CAZ101AC.BA0842,https://www.chronext.com/tag-heuer/formula-1/caz101ac-ba0842/V38705,"1,580","1,580",Unworn - New,2022
Integral Titanium,451.FX.6923.FX,https://www.chronext.com/hublot/integral/451-fx-6923-fx/V38570,"17,620","17,620",Unworn - New,2022
Seamaster Planet Ocean 600M Co-Axial Master Chronometer GMT,215.30.44.22.01.001,https://www.chronext.com/omega/seamaster/215-30-44-22-01-001/V37534,"6,380","6,380",Unworn - New,2022
Carrera,CBN2A1B.BA0643,https://www.chronext.com/tag-heuer/carrera/cbn2a1b-ba0643/V38918,"4,350","4,350",Unworn - New,2022
Big Bang,402.QF.0110.WR,https://www.chronext.com/hublot/big-bang/402-qf-0110-wr/V34780,"17,110","17,110",Very Good,<div>Original papers</div><div>CHRONEXT Certificate</div>
Long Island,1000QZ,https://www.chronext.com/franck-muller/long-island/1000qz/V34785,"6,920","7,210",Good,2006
Carrera Automatic Chronograph,CV201AP.FC6429,https://www.chronext.com/tag-heuer/carrera/cv201ap-fc6429/V37966,"3,410","3,410",Unworn - New,2022
Master Square,6000KSCDT,https://www.chronext.com/franck-muller/master-square/6000kscdt/V34826,"6,880","6,880",Very Good,2009
Seamaster 300 CO-AXIAL Master Chronometer,234.30.41.21.01.001,https://www.chronext.com/omega/seamaster/234-30-41-21-01-001/V38581,"5,210","5,210",Unworn - New,2022
Black Bay,79230R,https://www.chronext.com/tudor/black-bay/79230r/V34830,"3,610","3,640",Good,2019
Defy El Primero 21,10.9000.9004/96.R921,https://www.chronext.com/zenith/defy/10-9000-9004-96-r921/V40195,"14,660","14,660",Unworn - New,2022
Seamaster,234.32.41.21.01.001,https://www.chronext.com/omega/seamaster/234-32-41-21-01-001/V38511,"4,980","4,980",Unworn - New,2022
Sea-Dweller Deepsea,126660,https://www.chronext.com/rolex/sea-dweller/126660/V46142,"21,560","21,560",Unworn - New,2022
Big Bang Black Magic,301.CI.1770.RX,https://www.chronext.com/hublot/big-bang/301-ci-1770-rx/V45336,"11,820","11,820",Unworn - New,2022
Big Bang Unico King Gold Blue,441.NX.5171.RX,https://www.chronext.com/hublot/big-bang/441-nx-5171-rx/V38566,"26,850","26,850",Unworn - New,2022
Black Bay Chrono,79360N,https://www.chronext.com/tudor/black-bay/79360n/V38813,"6,120","6,120",Unworn - New,2022
Seamaster Planet Ocean 600M Chronograph,215.32.46.51.01.001,https://www.chronext.com/omega/seamaster/215-32-46-51-01-001/V44444,"6,460","6,460",Unworn - New,2022
De Ville Prestige Co-Axial,424.10.40.20.03.003,https://www.chronext.com/omega/de-ville/424-10-40-20-03-003/V39625,"2,880","2,880",Unworn - New,2022
Seamaster 300 Master Co-Axial,233.90.41.21.03.001,https://www.chronext.com/omega/seamaster/233-90-41-21-03-001/V37505,"6,140","6,140",Unworn - New,2022
Seamaster Aqua Terra GMT Worldtimer,220.10.43.22.03.001,https://www.chronext.com/omega/seamaster/220-10-43-22-03-001/V43308,"7,310","7,310",Unworn - New,2022
Speedmaster Moonwatch Professional,310.32.42.50.01.001,https://www.chronext.com/omega/speedmaster/310-32-42-50-01-001/V38841,"5,410","5,410",Unworn - New,2022
6052,6052.010,https://www.chronext.com/sinn/6052/6052-010/C79611,"4,100","4,100",Unworn - New,2022
356 Flieger,356.020,https://www.chronext.com/sinn/356/356-020/C79577,"1,610","1,610",Unworn - New,2022
EZM 9 TESTAF Fliegeruhr,949.010,https://www.chronext.com/sinn/ezm-9/949-010/C79572,"2,750","2,750",Unworn - New,2022
1736 Klassik,1736.010,https://www.chronext.com/sinn/1736/1736-010/C79569,"1,480","1,480",Unworn - New,2022
U1 Taucheruhr,1010.010,https://www.chronext.com/sinn/u1/1010-010/C79551,"1,790","1,790",Unworn - New,2022
Seamaster Co-Axial Master Chronometer,220.10.40.20.03.001,https://www.chronext.com/omega/seamaster/220-10-40-20-03-001/V37406,"4,200","4,200",Unworn - New,2022
Link Automatik Chronograph,CBC2110.BA0603,https://www.chronext.com/tag-heuer/link/cbc2110-ba0603/V37759,"3,450","3,830",Unworn - New,2022
Sea-Dweller,126660,https://www.chronext.com/rolex/sea-dweller/126660/V46141,"17,320","17,320",Unworn - New,2022
Seamaster Aqua Terra 150 M Co-Axial Master Chronometer,220.20.41.21.06.001,https://www.chronext.com/omega/seamaster/220-20-41-21-06-001/V39110,"9,180","9,180",Unworn - New,2022
Galactic 41,A49350,https://www.chronext.com/breitling/galactic/a49350/V36188,"3,780","3,930",Very Good,2012
Big Bang,341.SX.130.RX.174,https://www.chronext.com/hublot/big-bang/341-sx-130-rx-174/V39241,"17,620","17,620",Unworn - New,2022
Autavia Calibre 5 Chronometer 42 mm,WBE5191.FC8276,https://www.chronext.com/tag-heuer/autavia/wbe5191-fc8276/V40319,"2,830","2,830",Unworn - New,2022
Speedmaster,3592.50.00,https://www.chronext.com/omega/speedmaster/3592-50-00/V36260,"6,400","6,500",Vintage,<div>CHRONEXT Certificate</div>
Speedmaster Moonwatch,3592.50.00,https://www.chronext.com/omega/speedmaster/3592-50-00/V36268,"6,430","6,690",Vintage,<div>CHRONEXT Certificate</div>
Pilot Type 20 Chronograph Extra Special,29.2430.4069/21.C800,https://www.chronext.com/zenith/pilot/29-2430-4069-21-c800/V40168,"6,140","6,140",Unworn - New,2022
Pilot Type 20 Chronograph Extra Special,29.2430.4069/57.C808,https://www.chronext.com/zenith/pilot/29-2430-4069-57-c808/V40167,"6,140","6,140",Unworn - New,2022
Speedmaster Date,3513.50.00,https://www.chronext.com/omega/speedmaster/3513-50-00/V36456,"2,520","2,520",Vintage,<div>CHRONEXT Certificate</div>
Pilot Type 20 Adventure,29.2430.679/63.I001,https://www.chronext.com/zenith/pilot/29-2430-679-63-i001/V40164,"5,760","5,760",Unworn - New,2022
3006,3006.010,https://www.chronext.com/sinn/3006/3006-010/V23620,"3,510","3,510",Unworn - New,2022
Constellation,131.10.39.20.06.001,https://www.chronext.com/omega/constellation/131-10-39-20-06-001/V39923,"4,900","4,900",Unworn - New,2022
Seamaster Diver 300M,210.92.44.20.01.002,https://www.chronext.com/omega/seamaster/210-92-44-20-01-002/V39894,"6,530","6,530",Unworn - New,2022
Heritage Kollektion,SBGP005,https://www.chronext.com/grand-seiko/heritage-kollektion/sbgp005/V39852,"2,930","2,930",Unworn - New,2022
Classic Fusion,515.NX.2210.LR,https://www.chronext.com/hublot/classic-fusion/515-nx-2210-lr/V39804,"9,870","9,870",Unworn - New,2022
Classic Fusion Ultra Thin,545.OX.1280.LR,https://www.chronext.com/hublot/classic-fusion/545-ox-1280-lr/V39798,"20,900","20,900",Unworn - New,2022
Submariner Date,126610LV,https://www.chronext.com/rolex/submariner/126610lv/V39779,"24,760","24,760",Unworn - New,2022
Pilot Type 20 Chronograph Rescue,03.2434.4069/20.I010,https://www.chronext.com/zenith/pilot/03-2434-4069-20-i010/V38830,"6,890","7,040",Unworn - New,2022
Master Control,4128420,https://www.chronext.com/jaeger-lecoultre/master/4128420/V38664,"10,360","10,360",Unworn - New,2022
Luminor Base Logo Acciaio,PAM01000,https://www.chronext.com/panerai/luminor/pam01000/V36870,"4,480","4,480",Like New,2021
Autavia,WBE5114.FC8266,https://www.chronext.com/tag-heuer/autavia/wbe5114-fc8266/V38652,"2,290","2,290",Unworn - New,2022
Autavia,WBE5116.EB0173,https://www.chronext.com/tag-heuer/autavia/wbe5116-eb0173/V38651,"2,440","2,440",Unworn - New,2022
Aquaracer,WAY2018.BA0927,https://www.chronext.com/tag-heuer/aquaracer/way2018-ba0927/V38649,"1,820","1,820",Unworn - New,2022
Monaco,CBL2111.BA0644,https://www.chronext.com/tag-heuer/monaco/cbl2111-ba0644/V38637,"5,200","5,200",Unworn - New,2022
Black Bay,79012M,https://www.chronext.com/tudor/black-bay/79012m/V38612,"7,060","7,060",Unworn - New,2022
Speedmaster,3592.50.00,https://www.chronext.com/omega/speedmaster/3592-50-00/V36983,"6,610","6,610",Vintage,<div>CHRONEXT Certificate</div>
104 St Sa A Fliegeruhr,104.011,https://www.chronext.com/sinn/104-st-sa-a/104-011/C58386,"1,150","1,150",Unworn - New,2022
Speedmaster Date,3513.50.00,https://www.chronext.com/omega/speedmaster/3513-50-00/V36994,"2,600","2,600",Vintage,<div>CHRONEXT Certificate</div>
104 St Sa A Fliegeruhr,104.011,https://www.chronext.com/sinn/104-st-sa-a/104-011/C57321,"1,150","1,150",Unworn - New,2022
104 St Sa A Fliegeruhr,104.011,https://www.chronext.com/sinn/104-st-sa-a/104-011/C57271,"1,150","1,150",Unworn - New,2022
Seamaster 300 Master Co-Axial,233.92.41.21.03.001,https://www.chronext.com/omega/seamaster/233-92-41-21-03-001/V44613,"5,680","5,680",Unworn - New,2022
Luminor Luminor Due,PAM00927,https://www.chronext.com/panerai/luminor/pam00927/V37219,"6,150","6,150",Very Good,2020
U2 Taucheruhr,1020.010,https://www.chronext.com/sinn/u2/1020-010/C55866,"2,330","2,330",Unworn - New,2022
Ferrari Radiomir California 3Days,PAM00424,https://www.chronext.com/panerai/ferrari/pam00424/V39739,"6,330","6,330",Very Good,2015
U1 B Taucheruhr,1010.0102,https://www.chronext.com/sinn/u1/1010-0102/V10086,"1,970","1,970",Unworn - New,2022
104 St Sa I A Fliegeruhr,104.014,https://www.chronext.com/sinn/104-st-sa-i/104-014/V10087,"1,150","1,150",Unworn - New,2022
Seamaster Diver 300M Co-Axial Master Chronometer,210.22.42.20.01.001,https://www.chronext.com/omega/seamaster/210-22-42-20-01-001/V43459,"5,840","5,840",Unworn - New,2022
"206 St Ar ""Baselworld 2019""",206.010,https://www.chronext.com/sinn/206/206-010/V13482,"2,970","2,970",Unworn - New,2022
Black Bay,79230B,https://www.chronext.com/tudor/black-bay/79230b/V43403,"3,030","3,030",Unworn - New,2022
Black Bay,79230N,https://www.chronext.com/tudor/black-bay/79230n/V43399,"3,070","3,070",Unworn - New,2022
Seamaster Diver 300m Chronograph,210.22.44.51.01.001,https://www.chronext.com/omega/seamaster/210-22-44-51-01-001/V43323,"8,480","8,480",Unworn - New,2022
Seamaster Diver 300m Chronograph,210.20.44.51.01.001,https://www.chronext.com/omega/seamaster/210-20-44-51-01-001/V43322,"11,360","11,360",Unworn - New,2022
Traditionnelle,43076/000P-9875,https://www.chronext.com/vacheron-constantin/traditionnelle/43076-000p-9875/V46401,"37,340","37,340",Like New,2017
U1 SDR,1010.040,https://www.chronext.com/sinn/u1-sdr/1010-040/V17425,"1,860","1,860",Unworn - New,2022
Speedmaster Racing,329.32.44.51.06.001,https://www.chronext.com/omega/speedmaster/329-32-44-51-06-001/V46541,"7,240","7,240",Like New,2018
Big Bang Unico Titanium White 42 mm,441.NE.2010.RW,https://www.chronext.com/hublot/big-bang/441-ne-2010-rw/V42034,"14,190","14,190",Unworn - New,2022
Seamaster Railmaster,220.12.40.20.03.001,https://www.chronext.com/omega/seamaster/220-12-40-20-03-001/V41706,"3,970","3,970",Unworn - New,2022
Seamaster Diver 300M,210.20.42.20.03.002,https://www.chronext.com/omega/seamaster/210-20-42-20-03-002/V41676,"8,940","8,940",Unworn - New,2022
Seamaster Diver 300M,210.20.42.20.01.002,https://www.chronext.com/omega/seamaster/210-20-42-20-01-002/V41675,"8,940","8,940",Unworn - New,2022
Villeret Réveil GMT,6640-1127-MMB,https://www.chronext.com/blancpain/villeret/6640-1127-mmb/V41521,"20,800","20,800",Unworn - New,2022
Autavia,WBE5116.FC8266,https://www.chronext.com/tag-heuer/autavia/wbe5116-fc8266/V46673,"2,270","2,270",Like New,2020
Black Bay P01,70150,https://www.chronext.com/tudor/black-bay/70150/V41498,"4,050","4,050",Unworn - New,2022
Portofino Automatic,IW356506,https://www.chronext.com/iwc/portofino/iw356506/V46677,"3,630","3,630",Very Good,2017
Constellation CO‑AXIAL MASTER CHRONOMETER,131.12.41.21.06.001,https://www.chronext.com/omega/constellation/131-12-41-21-06-001/V38578,"4,740","4,740",Unworn - New,2022
Integral Grey Ceramic,451.FX.6923.FX,https://www.chronext.com/hublot/integral/451-fx-6923-fx/V38571,"17,620","17,620",Unworn - New,2022
Diver,P.678045431218,https://www.chronext.com/porsche-design/diver/p-678045431218/V38402,"4,450","4,450",Unworn - New,2022
Aquaracer Professional 200 Date,WBP2411.BA0622,https://www.chronext.com/tag-heuer/aquaracer/wbp2411-ba0622/V46469,"2,480","2,480",Unworn - New,2022
Portugieser,IW545405,https://www.chronext.com/iwc/portugieser/iw545405/V46966,"5,610","5,610",Like New,2011
Aquaracer Professional 200 ,WBP1416.BA0622,https://www.chronext.com/tag-heuer/aquaracer/wbp1416-ba0622/V46470,"1,940","1,940",Unworn - New,2022
Carrera,WBN2012.BA0640,https://www.chronext.com/tag-heuer/carrera/wbn2012-ba0640/V46512,"2,240","2,240",Unworn - New,2022
"Aquatimer Chronograph Edition ""Expedition Charles Darwin",IW379503,https://www.chronext.com/iwc/aquatimer/iw379503/V32889,"8,760","8,760",Like New,2020
Aikon Chronograph Fine Watch Club Edition Ltd.,FWCMLAKN001,https://www.chronext.com/maurice-lacroix/aikon/fwcmlakn001/V47223,"3,030","3,030",Unworn - New,2022
Sea-Dweller,16600,https://www.chronext.com/rolex/sea-dweller/16600/V26098,"9,950","9,950",Vintage,1996
Speedmaster Professional Moonwatch,3590.50.00,https://www.chronext.com/omega/speedmaster/3590-50-00/V37218,"4,530","4,530",Vintage,<div>CHRONEXT Certificate</div>
GMT-Master,16700,https://www.chronext.com/rolex/gmt-master/16700/V33252,"12,070","12,070",Vintage,1996
Speedmaster Moonwatch Professional Chronograph,3570.50.00,https://www.chronext.com/omega/speedmaster/3570-50-00/V33236,"4,160","4,170",Vintage,2000
Speedmaster Moonwatch,3592.50.00,https://www.chronext.com/omega/speedmaster/3592-50-00/V36254,"6,340","6,340",Vintage,1990
Luminor,PAM00024,https://www.chronext.com/panerai/luminor/pam00024/V33295,"4,920","4,920",Very Good,2016
Galactic,WB3510,https://www.chronext.com/breitling/galactic/wb3510/V34073,"3,520","3,520",Very Good,2020
Submariner,116610LV,https://www.chronext.com/rolex/submariner/116610lv/V46885,"27,400","27,400",Very Good,2017
Mille Miglia,8992,https://www.chronext.com/chopard/mille-miglia/8992/V46928,"3,420","3,420",Like New,<div>CHRONEXT Certificate</div>
Radiomir Black Seal Logo,PAM00754,https://www.chronext.com/panerai/radiomir/pam00754/V47367,"3,990","3,990",Very Good,2017
Transocean Chronograph,A1931012.BB68,https://www.chronext.com/breitling/transocean/a1931012-bb68/V47497,"5,240","5,240",Like New,2015
EZM 3,603.010,https://www.chronext.com/sinn/ezm-3/603-010/C59433,"1,430","1,430",Unworn - New,2022
Formula 1,WAZ1010.BA0842,https://www.chronext.com/tag-heuer/formula-1/waz1010-ba0842/V44798,"1,080","1,080",Unworn - New,2022
Formula 1 Chronograph,CAZ1010.FT8024,https://www.chronext.com/tag-heuer/formula-1/caz1010-ft8024/V37238,"1,120","1,120",Unworn - New,2022
Datejust 41,126333,https://www.chronext.com/rolex/datejust/126333/V46005,"15,320","15,320",Unworn - New,2022
Datejust 41,126331,https://www.chronext.com/rolex/datejust/126331/V46257,"15,990","15,990",Unworn - New,2022
856 Beobachtungsuhr Ltd.,856.012,https://www.chronext.com/sinn/856/856-012/C79665,"1,430","1,430",Unworn - New,2022
Sky-Dweller,326934,https://www.chronext.com/rolex/sky-dweller/326934/V45457,"29,810","29,810",Unworn - New,2022
Formula 1 Chronograph,CAZ1010.BA0842,https://www.chronext.com/tag-heuer/formula-1/caz1010-ba0842/V37239,"1,280","1,280",Unworn - New,2022
Formula 1 Calibre 5 Automatic,WAZ2011.BA0842,https://www.chronext.com/tag-heuer/formula-1/waz2011-ba0842/V43920,"1,510","1,510",Unworn - New,2022
EZM 3 Taucheruhr,603.010,https://www.chronext.com/sinn/ezm-3/603-010/V23616,"1,610","1,610",Unworn - New,2022
Chronomaster Sport,03.3100.3600/69.M3100,https://www.chronext.com/zenith/chronomaster/03-3100-3600-69-m3100/V38837,"11,750","11,750",Unworn - New,2022
Datejust 41,126334,https://www.chronext.com/rolex/datejust/126334/V45967,"15,060","15,060",Unworn - New,2022
103 St Fliegeruhr,103.031,https://www.chronext.com/sinn/103-st/103-031/C59092,"1,670","1,670",Unworn - New,2022
Datejust 41,126331,https://www.chronext.com/rolex/datejust/126331/V45761,"14,790","14,790",Unworn - New,2022
Datejust 41,126334,https://www.chronext.com/rolex/datejust/126334/V46164,"15,060","15,060",Unworn - New,2022
Seamaster Planet Ocean 600m Chronograph,215.30.46.51.99.001,https://www.chronext.com/omega/seamaster/215-30-46-51-99-001/V43302,"6,690","6,690",Unworn - New,2022
Datejust 41,126300,https://www.chronext.com/rolex/datejust/126300/V45861,"10,400","11,500",Unworn - New,2022
Datejust 41,126300,https://www.chronext.com/rolex/datejust/126300/V45884,"10,670","10,670",Unworn - New,2022
Polo Date,G0A47014,https://www.chronext.com/piaget/polo/g0a47014/V47106,"9,290","9,290",Unworn - New,2022
Submersible Blu Notte,PAM01068,https://www.chronext.com/panerai/submersible/pam01068/V47089,"8,370","8,370",Unworn - New,2022
Pelagos,25600TN,https://www.chronext.com/tudor/pelagos/25600tn/V37285,"4,390","4,390",Unworn - New,2022
Seamaster,215.30.46.51.01.001,https://www.chronext.com/omega/seamaster/215-30-46-51-01-001/V44438,"6,690","6,690",Unworn - New,2022
Big Bang Integral Time Only,456.VX.0130.VX,https://www.chronext.com/hublot/big-bang/456-vx-0130-vx/V46494,"44,000","44,000",Unworn - New,2022
Formula 1,WAZ101A.FC8305,https://www.chronext.com/tag-heuer/formula-1/waz101a-fc8305/V38706,"1,120","1,120",Unworn - New,2022
Seamaster Aqua Terra 150 M Co-Axial Master Chronometer,220.22.41.21.02.001,https://www.chronext.com/omega/seamaster/220-22-41-21-02-001/V39764,"6,920","6,920",Unworn - New,2022
Carrera Calibre 16,CBK2115.BA0715,https://www.chronext.com/tag-heuer/carrera/cbk2115-ba0715/V40327,"3,250","3,250",Unworn - New,2022
Sky-Dweller,326933,https://www.chronext.com/rolex/sky-dweller/326933/V45452,"25,360","25,360",Unworn - New,2022
Datejust 41,126300,https://www.chronext.com/rolex/datejust/126300/V46168,"11,730","11,730",Unworn - New,2022
Datejust 41,126300,https://www.chronext.com/rolex/datejust/126300/V45962,"11,460","11,460",Unworn - New,2022
Datejust 41,126333,https://www.chronext.com/rolex/datejust/126333/V45832,"16,380","17,490",Unworn - New,2022
Pilot's Watch Chronograph 41,IW388101,https://www.chronext.com/iwc/pilot-s-watch/iw388101/V38753,"5,680","5,680",Unworn - New,2022
Sky-Dweller,326934,https://www.chronext.com/rolex/sky-dweller/326934/V45839,"29,150","29,150",Unworn - New,2022
Datejust 41,126333,https://www.chronext.com/rolex/datejust/126333/V37289,"26,820","26,820",Unworn - New,2022
Seamaster Planet Ocean 600M Chronometer,215.92.44.21.99.001,https://www.chronext.com/omega/seamaster/215-92-44-21-99-001/V44440,"6,300","6,300",Unworn - New,2022
Datejust 41,126334,https://www.chronext.com/rolex/datejust/126334/V45876,"15,060","15,060",Unworn - New,2022
Datejust 41,126334,https://www.chronext.com/rolex/datejust/126334/V45867,"14,790","14,790",Unworn - New,2022
Cosmograph Daytona,116503,https://www.chronext.com/rolex/cosmograph-daytona/116503/V45747,"31,940","31,940",Unworn - New,2022
Formula 1 Chronograph,CAZ1014.BA0842,https://www.chronext.com/tag-heuer/formula-1/caz1014-ba0842/V37244,"1,310","1,310",Unworn - New,2022
Datejust 41,126331,https://www.chronext.com/rolex/datejust/126331/V46173,"16,520","16,520",Unworn - New,2022
Black Bay 36,79500,https://www.chronext.com/tudor/black-bay/79500/V37437,"2,830","2,830",Unworn - New,2022
Sky-Dweller,326934,https://www.chronext.com/rolex/sky-dweller/326934/V45837,"36,330","36,330",Unworn - New,2022
"Pilot's Watch Mark XVIII ""Le Petit Prince""",IW327016,https://www.chronext.com/iwc/pilot-s-watch/iw327016/V37753,"4,710","4,710",Unworn - New,2022
Master Control Date,4018420,https://www.chronext.com/jaeger-lecoultre/master/4018420/V38832,"6,210","6,210",Unworn - New,2022
Pilot's Watch 43,IW329301,https://www.chronext.com/iwc/pilot-s-watch/iw329301/V38771,"7,390","7,390",Unworn - New,2022
Carrera Calibre Heuer 02,CBG2A10.BA0654,https://www.chronext.com/tag-heuer/carrera/cbg2a10-ba0654/V42826,"4,540","4,540",Unworn - New,2022
Big Bang Evolution,301.SM.1770.RX,https://www.chronext.com/hublot/big-bang/301-sm-1770-rx/V37315,"10,890","10,890",Unworn - New,2022
Datejust 41,126331,https://www.chronext.com/rolex/datejust/126331/V45964,"17,580","17,580",Unworn - New,2022
Pilot's Watch Mark XVIII,IW327012,https://www.chronext.com/iwc/pilot-s-watch/iw327012/V37754,"3,900","3,900",Unworn - New,2022
Datejust 41,126333,https://www.chronext.com/rolex/datejust/126333/V46258,"14,790","14,790",Unworn - New,2022
Datejust 41,126300,https://www.chronext.com/rolex/datejust/126300/V45860,"11,330","12,000",Unworn - New,2022
Datejust 41,126331,https://www.chronext.com/rolex/datejust/126331/V46174,"16,110","16,110",Unworn - New,2022
Black Bay 41,79540,https://www.chronext.com/tudor/black-bay/79540/V39704,"2,780","2,780",Unworn - New,2022
U1 S E,1010.023,https://www.chronext.com/sinn/u1-s-e/1010-023/C79552,"2,110","2,110",Unworn - New,2022
Datejust 41,126334,https://www.chronext.com/rolex/datejust/126334/V45845,"16,380","16,380",Unworn - New,2022
Datejust 41,126333,https://www.chronext.com/rolex/datejust/126333/V45828,"14,650","14,650",Unworn - New,2022
Luminor GMT,PAM01535,https://www.chronext.com/panerai/luminor/pam01535/V43270,"7,440","7,440",Unworn - New,2022
Datejust 41,126334,https://www.chronext.com/rolex/datejust/126334/V45923,"15,060","15,060",Unworn - New,2022
Datejust 41,126300,https://www.chronext.com/rolex/datejust/126300/V45879,"10,000","10,000",Unworn - New,2022
Seamaster Planet Ocean 600M Chronograph,215.92.46.51.99.001,https://www.chronext.com/omega/seamaster/215-92-46-51-99-001/V44443,"7,780","7,780",Unworn - New,2022
Datejust 41,126300,https://www.chronext.com/rolex/datejust/126300/V45644,"11,460","11,460",Unworn - New,2022
Tank Must,WSTA0040,https://www.chronext.com/cartier/tank/wsta0040/V46515,"3,450","3,450",Unworn - New,2022
Black Bay,79010SG,https://www.chronext.com/tudor/black-bay/79010sg/V38816,"5,020","5,230",Unworn - New,2022
Datejust 41,126334,https://www.chronext.com/rolex/datejust/126334/V45673,"15,720","15,720",Unworn - New,2022
Datejust 41,126334,https://www.chronext.com/rolex/datejust/126334/V46261,"13,190","13,190",Unworn - New,2022
Polaris Automatic,9008180,https://www.chronext.com/jaeger-lecoultre/polaris/9008180/V42950,"7,230","7,230",Unworn - New,2022
Submariner Date,126610LN,https://www.chronext.com/rolex/submariner/126610ln/V45622,"18,560","18,560",Unworn - New,2022
Black Bay 41 S&amp;G,79543,https://www.chronext.com/tudor/black-bay/79543/V41945,"3,670","3,670",Unworn - New,2022
Datejust 41,126334,https://www.chronext.com/rolex/datejust/126334/V45637,"12,390","12,390",Unworn - New,2022
Formula 1,WAZ111A.BA0875,https://www.chronext.com/tag-heuer/formula-1/waz111a-ba0875/V37246,"1,200","1,200",Unworn - New,2022
GMT-Master II,126710BLNR,https://www.chronext.com/rolex/gmt-master/126710blnr/V38675,"26,770","26,770",Unworn - New,2022
Datejust 41,126300,https://www.chronext.com/rolex/datejust/126300/V46255,"10,930","10,930",Unworn - New,2022
Pilot's Watch CHRONOGRAPH 41,IW388103,https://www.chronext.com/iwc/pilot-s-watch/iw388103/V38588,"5,680","5,680",Unworn - New,2022
Datejust 41,126300,https://www.chronext.com/rolex/datejust/126300/V45878,"11,770","12,690",Unworn - New,2022
Carrera Calibre HEUER 02 Automatik Chronograph,CBG2A1Z.FT6157,https://www.chronext.com/tag-heuer/carrera/cbg2a1z-ft6157/V43639,"4,690","4,690",Unworn - New,2022
Carrera Porsche,CBN2A1H.FC6512,https://www.chronext.com/tag-heuer/carrera/cbn2a1h-fc6512/V47037,"6,050","6,050",Unworn - New,2022
Pilot's Watch CHRONOGRAPH 41,IW388103,https://www.chronext.com/iwc/pilot-s-watch/iw388103/V33832,"5,680","5,680",Unworn - New,2021
Datejust 41,126334,https://www.chronext.com/rolex/datejust/126334/V45966,"15,850","15,850",Unworn - New,2022
Seamaster Aqua Terra 150 M Co-Axial Master Chronometer,220.12.38.20.01.001,https://www.chronext.com/omega/seamaster/220-12-38-20-01-001/V39132,"4,430","4,430",Unworn - New,2022
Datejust 41,126334,https://www.chronext.com/rolex/datejust/126334/V45674,"16,380","16,380",Unworn - New,2022
Pilot's Watch Chronograph Spitfire,IW387903,https://www.chronext.com/iwc/pilot-s-watch/iw387903/V40785,"5,360","5,360",Unworn - New,2022
Sky-Dweller,326934,https://www.chronext.com/rolex/sky-dweller/326934/V45455,"29,150","29,150",Unworn - New,2022
Datejust 41,126334,https://www.chronext.com/rolex/datejust/126334/V46260,"15,330","15,330",Unworn - New,2022
Formula 1 Quarz Chronograph,CAZ101K.BA0842,https://www.chronext.com/tag-heuer/formula-1/caz101k-ba0842/V37760,"1,240","1,240",Unworn - New,2022
Datejust 41,126334,https://www.chronext.com/rolex/datejust/126334/V46262,"15,850","15,850",Unworn - New,2022
Sky-Dweller,326933,https://www.chronext.com/rolex/sky-dweller/326933/V45841,"26,620","26,620",Unworn - New,2022
Pelagos LHD,25610TNL,https://www.chronext.com/tudor/pelagos/25610tnl/V37284,"4,180","4,180",Unworn - New,2022
Formula 1,WAZ1112.BA0875,https://www.chronext.com/tag-heuer/formula-1/waz1112-ba0875/V45080,"1,040","1,040",Unworn - New,2022
Sea-Dweller,126603,https://www.chronext.com/rolex/sea-dweller/126603/V45647,"21,310","23,130",Unworn - New,2022
Pilot's Watch Chronograph,IW377710,https://www.chronext.com/iwc/pilot-s-watch/iw377710/V37591,"5,890","5,890",Unworn - New,2022
Classic Fusion,525.CM.0170.RX,https://www.chronext.com/hublot/classic-fusion/525-cm-0170-rx/V37303,"11,990","11,990",Unworn - New,2022
Formula 1,CAZ101AC.FT8024,https://www.chronext.com/tag-heuer/formula-1/caz101ac-ft8024/V38707,"1,430","1,430",Unworn - New,2022
Sky-Dweller,326933,https://www.chronext.com/rolex/sky-dweller/326933/V45453,"27,410","27,410",Unworn - New,2022
Datejust 41,126331,https://www.chronext.com/rolex/datejust/126331/V45763,"15,320","16,200",Unworn - New,2022
Big Bang Meca-10 Black Magic,414.CI.1123.RX,https://www.chronext.com/hublot/big-bang/414-ci-1123-rx/V37725,"17,620","17,620",Unworn - New,2022
Radiomir California,PAM00931,https://www.chronext.com/panerai/radiomir/pam00931/V38850,"7,460","7,460",Unworn - New,2022
Pilot's Watch Chronograph 41,IW388102,https://www.chronext.com/iwc/pilot-s-watch/iw388102/V38754,"6,580","6,580",Unworn - New,2022
GMT-Master II,126710BLRO,https://www.chronext.com/rolex/gmt-master/126710blro/V46267,"28,620","28,620",Unworn - New,2022
"Pilot's Watch Chronograph Edition ""Le Petit Prince""",IW377714,https://www.chronext.com/iwc/pilot-s-watch/iw377714/V44216,"5,080","5,080",Unworn - New,2022
Black Bay Fifty-Eight,79030N,https://www.chronext.com/tudor/black-bay/79030n/V37747,"3,750","3,750",Unworn - New,2022
Aquaracer Calibre 7 GMT Automatic,WAY201F.BA0927,https://www.chronext.com/tag-heuer/aquaracer/way201f-ba0927/V39583,"2,480","2,480",Unworn - New,2022
Aquaracer,WAY201P.FT6178,https://www.chronext.com/tag-heuer/aquaracer/way201p-ft6178/V38642,"2,050","2,050",Unworn - New,2022
Black Bay 36 S&amp;G,79503,https://www.chronext.com/tudor/black-bay/79503/V41944,"3,400","3,400",Unworn - New,2022
Seamaster Planet Ocean 600M,215.30.40.20.03.001,https://www.chronext.com/omega/seamaster/215-30-40-20-03-001/V37536,"5,210","5,210",Unworn - New,2022
Portofino Chronograph,IW391028,https://www.chronext.com/iwc/portofino/iw391028/V42897,"5,600","5,600",Unworn - New,2022
Sky-Dweller,326235,https://www.chronext.com/rolex/sky-dweller/326235/V45582,"52,300","53,490",Unworn - New,2022
Luminor Marina Carbotech,PAM01661,https://www.chronext.com/panerai/luminor/pam01661/V38557,"10,750","10,750",Unworn - New,2022
Explorer II,226570,https://www.chronext.com/rolex/explorer-ii/226570/V45445,"14,790","14,790",Unworn - New,2022
Pelagos,25600TB,https://www.chronext.com/tudor/pelagos/25600tb/V37286,"4,700","4,700",Unworn - New,2022
Aquaracer Caliber 5 Automatic,WAY2012.BA0927,https://www.chronext.com/tag-heuer/aquaracer/way2012-ba0927/V37233,"1,820","1,820",Unworn - New,2022
Seamaster Planet Ocean 600 M Co-Axial Master Chronometer,215.30.44.21.03.001,https://www.chronext.com/omega/seamaster/215-30-44-21-03-001/V44685,"5,210","5,210",Unworn - New,2022
Pilot's Watch 43,IW329304,https://www.chronext.com/iwc/pilot-s-watch/iw329304/V38768,"8,200","8,200",Unworn - New,2022
Classic Fusion,541.NX.1171.RX,https://www.chronext.com/hublot/classic-fusion/541-nx-1171-rx/V44261,"7,840","7,840",Unworn - New,2022
Cosmograph Daytona,116509,https://www.chronext.com/rolex/cosmograph-daytona/116509/V46047,"69,180","69,180",Unworn - New,2022
Seamaster Aqua Terra 150 M Co-Axial Master Chronometer,220.10.41.21.03.002,https://www.chronext.com/omega/seamaster/220-10-41-21-03-002/V39190,"4,660","4,660",Unworn - New,2022
Datejust 41,126334,https://www.chronext.com/rolex/datejust/126334/V46259,"15,850","15,850",Unworn - New,2022
Polaris Mariner Date,9068180,https://www.chronext.com/jaeger-lecoultre/polaris/9068180/V38927,"9,220","9,220",Unworn - New,2022
Sky-Dweller,326938,https://www.chronext.com/rolex/sky-dweller/326938/V46170,"64,980","64,980",Unworn - New,2022
GMT-Master II,126715CHNR,https://www.chronext.com/rolex/gmt-master/126715chnr/V46162,"63,200","63,200",Unworn - New,2022
856 Fliegeruhr,856.011,https://www.chronext.com/sinn/856/856-011/12008,"1,790","1,790",Unworn - New,2022
Cosmograph Daytona,116505,https://www.chronext.com/rolex/cosmograph-daytona/116505/V47128,"93,110","93,110",Unworn - New,2022
Luminor Due,PAM00904,https://www.chronext.com/panerai/luminor-due/pam00904/V38928,"5,640","5,640",Unworn - New,2022
"Pilot's Watch Chronograph Spitfire ""SIHH 2019""",IW387901,https://www.chronext.com/iwc/pilot-s-watch/iw387901/V43595,"5,490","5,490",Unworn - New,2022
Black Bay S&amp;G,79733N,https://www.chronext.com/tudor/black-bay/79733n/V43390,"4,650","4,650",Unworn - New,2022
Cosmograph Daytona,116509,https://www.chronext.com/rolex/cosmograph-daytona/116509/V46254,"74,490","74,490",Unworn - New,2022
Datejust 41,126334,https://www.chronext.com/rolex/datejust/126334/V46163,"17,040","17,040",Unworn - New,2022
Speedmaster 38 Co-Axial Orbis,324.30.38.50.03.002,https://www.chronext.com/omega/speedmaster/324-30-38-50-03-002/V38323,"4,120","4,120",Unworn - New,2022
Submersible,PAM01223,https://www.chronext.com/panerai/submersible/pam01223/V47088,"6,940","6,940",Unworn - New,2022
Sky-Dweller,326934,https://www.chronext.com/rolex/sky-dweller/326934/V45456,"37,260","37,260",Unworn - New,2022
Classic Fusion,521.NX.1171.RX,https://www.chronext.com/hublot/classic-fusion/521-nx-1171-rx/V44260,"7,840","7,840",Unworn - New,2022
Seamaster Planet Ocean 600M,215.30.46.51.03.001,https://www.chronext.com/omega/seamaster/215-30-46-51-03-001/V44665,"6,690","6,690",Unworn - New,2022
Cosmograph Daytona,116508,https://www.chronext.com/rolex/cosmograph-daytona/116508/V45730,"139,660","139,660",Unworn - New,2022
Black Bay Fifty-Eight 925,79010SG,https://www.chronext.com/tudor/black-bay/79010sg/V38815,"5,270","5,300",Unworn - New,2022
Luminor Submersible 1950 Amagnetic 3 Days Automatic Titani,PAM01389,https://www.chronext.com/panerai/luminor/pam01389/V39202,"10,610","10,610",Unworn - New,2022
Carrera Calibre 16,CBM2110.BA0651,https://www.chronext.com/tag-heuer/carrera/cbm2110-ba0651/V41614,"3,410","3,410",Unworn - New,2022
Datejust 41,126300,https://www.chronext.com/rolex/datejust/126300/V46169,"12,130","12,130",Unworn - New,2022
Reverso Classic Large Duoface Small Seconds,3848422,https://www.chronext.com/jaeger-lecoultre/reverso/3848422/V42976,"7,900","7,900",Unworn - New,2022
Sky-Dweller,326934,https://www.chronext.com/rolex/sky-dweller/326934/V45840,"28,210","28,210",Unworn - New,2022
Luminor GMT Power Reserve,PAM01537,https://www.chronext.com/panerai/luminor/pam01537/V43269,"8,580","8,580",Unworn - New,2022
1926,91650,https://www.chronext.com/tudor/1926/91650/V42941,"2,050","2,050",Unworn - New,2022
Cosmograph Daytona,116503,https://www.chronext.com/rolex/cosmograph-daytona/116503/V46252,"31,280","31,280",Unworn - New,2022
Defy Skyline,03.9300.3620/01.I001,https://www.chronext.com/zenith/defy/03-9300-3620-01-i001/V46484,"9,040","9,040",Unworn - New,2022
Big Bang Integral Time Only,456.CX.0140.CX,https://www.chronext.com/hublot/big-bang/456-cx-0140-cx/V46492,"17,720","17,720",Unworn - New,2022
Seamaster Aqua Terra 150 M Co-Axial Master Chronometer,220.12.41.21.03.001,https://www.chronext.com/omega/seamaster/220-12-41-21-03-001/V39122,"4,430","4,430",Unworn - New,2022
"Pilot's Watch Mark XVIII Edition ""Antoine de Saint""",IW327003,https://www.chronext.com/iwc/pilot-s-watch/iw327003/V39538,"5,520","5,520",Unworn - New,2022
Radiomir GMT Power Reserve,PAM00999,https://www.chronext.com/panerai/radiomir/pam00999/V40265,"10,450","10,450",Unworn - New,2022
Speedmaster Moonwatch Co-Axial Master Chronometer Moonphase Chronograph,304.30.44.52.01.001,https://www.chronext.com/omega/speedmaster/304-30-44-52-01-001/V43928,"8,480","8,480",Unworn - New,2022
"Pilot's Watch Automatic Spitfire ""SIHH 2019""",IW326801,https://www.chronext.com/iwc/pilot-s-watch/iw326801/V43593,"4,220","4,220",Unworn - New,2022
Polaris Automatic,9008471,https://www.chronext.com/jaeger-lecoultre/polaris/9008471/V42949,"6,290","6,290",Unworn - New,2022
Black Bay 41 S&amp;G,79543,https://www.chronext.com/tudor/black-bay/79543/V42428,"4,940","5,100",Unworn - New,2022
Datejust 41,126331,https://www.chronext.com/rolex/datejust/126331/V45732,"16,250","16,250",Unworn - New,2022
Seamaster Aqua Terra 150 M Co-Axial Master Chronometer,220.10.41.21.03.001,https://www.chronext.com/omega/seamaster/220-10-41-21-03-001/V39534,"4,660","4,660",Unworn - New,2022
Seamaster Planet Ocean 600M Co-Axial Master Chronometer Chronograph,215.92.46.51.01.001,https://www.chronext.com/omega/seamaster/215-92-46-51-01-001/V37778,"9,410","9,410",Unworn - New,2022
Aquis Date Calibre 400,01 400 7763 4135-07 8 24 09PEB,https://www.chronext.com/oris/aquis/01-400-7763-4135-07-8-24-09peb/V38625,"2,540","2,540",Unworn - New,2022
104 St Sa I Fliegeruhr,104.010,https://www.chronext.com/sinn/104-st-sa-i/104-010/C57282,"1,150","1,150",Unworn - New,2022
Carrera Calibre HEUER 02T Automatik Chronograph,CBG2A1Z.BA0658,https://www.chronext.com/tag-heuer/carrera/cbg2a1z-ba0658/V43638,"4,930","4,930",Unworn - New,2022
Datejust 41,126333,https://www.chronext.com/rolex/datejust/126333/V45965,"14,790","14,790",Unworn - New,2022
Luminor Due,PAM00904,https://www.chronext.com/panerai/luminor-due/pam00904/V43267,"5,640","5,640",Unworn - New,2022
Black Bay,79230R,https://www.chronext.com/tudor/black-bay/79230r/V43397,"3,030","3,030",Unworn - New,2022
Black Bay Bronze,79250BA,https://www.chronext.com/tudor/black-bay/79250ba/V38793,"3,920","3,920",Unworn - New,2022
Aquaracer Professional 300 Orange Diver,WBP201F.BA0632,https://www.chronext.com/tag-heuer/aquaracer/wbp201f-ba0632/V47033,"2,410","2,410",Unworn - New,2022
Formula 1 Chronograph,CAZ1011.BA0842,https://www.chronext.com/tag-heuer/formula-1/caz1011-ba0842/V37255,"1,510","1,510",Unworn - New,2022
Big Bang Unico Titanium Ceramic,441.NM.1170.RX,https://www.chronext.com/hublot/big-bang/441-nm-1170-rx/V37785,"15,640","15,640",Unworn - New,2022
Spring Drive Snowflake,SBGA211,https://www.chronext.com/grand-seiko/spring-drive/sbga211/V38396,"5,340","5,340",Unworn - New,2022
103 St Fliegeruhr,103.031,https://www.chronext.com/sinn/103-st/103-031/C59440,"1,670","1,670",Unworn - New,2022
Big Bang Unico Titanium,441.NX.1170.RX,https://www.chronext.com/hublot/big-bang/441-nx-1170-rx/V37784,"14,840","14,840",Unworn - New,2022
Yacht-Master II,116689,https://www.chronext.com/rolex/yacht-master-ii/116689/V46290,"54,860","54,860",Unworn - New,2022
GMT-Master II,126710BLNR,https://www.chronext.com/rolex/gmt-master/126710blnr/V45648,"23,430","23,430",Unworn - New,2022
Formula 1 Calibre 5 Automatic,WAZ2011.BA0843,https://www.chronext.com/tag-heuer/formula-1/waz2011-ba0843/V44795,"1,750","1,750",Unworn - New,2022
Aquaracer Professional 1000 Superdiver,WBP5A8A.BF0619,https://www.chronext.com/tag-heuer/aquaracer/wbp5a8a-bf0619/V47038,"5,400","5,400",Unworn - New,2022
Polaris Perpetual Calendar,Q9088180,https://www.chronext.com/jaeger-lecoultre/polaris/q9088180/V47070,"24,810","24,810",Unworn - New,2022
Polaris Automatic,9008480,https://www.chronext.com/jaeger-lecoultre/polaris/9008480/V42948,"6,210","6,210",Unworn - New,2022
Carrera,CBN2011.BA0642,https://www.chronext.com/tag-heuer/carrera/cbn2011-ba0642/V38923,"4,030","4,030",Unworn - New,2022
Aquaracer Calibre 5 Automatic,WAY2010.BA0927,https://www.chronext.com/tag-heuer/aquaracer/way2010-ba0927/V44824,"1,820","1,820",Unworn - New,2022
Submariner Date,126619LB,https://www.chronext.com/rolex/submariner/126619lb/V45620,"55,210","55,210",Unworn - New,2022
Chronomaster Sport,03.3100.3600/21.M3100,https://www.chronext.com/zenith/chronomaster/03-3100-3600-21-m3100/V38835,"10,850","10,850",Unworn - New,2022
Big Bang Integral Time Only,456.NX.0170.NX,https://www.chronext.com/hublot/big-bang/456-nx-0170-nx/V46495,"15,830","15,830",Unworn - New,2022
"Pilot's Watch Chronograph Spitfire ""SIHH 2019""",IW387902,https://www.chronext.com/iwc/pilot-s-watch/iw387902/V43594,"5,850","5,850",Unworn - New,2022
Submersible Carbotech™,PAM01616,https://www.chronext.com/panerai/submersible/pam01616/V43580,"13,850","13,850",Unworn - New,2022
Master Control Calendar,4148420,https://www.chronext.com/jaeger-lecoultre/master/4148420/V38831,"10,450","10,450",Unworn - New,2022
Big Bang e UEFA Champions League™,440.EX.1100.RX.UCL20,https://www.chronext.com/hublot/big-bang/440-ex-1100-rx-ucl20/V38565,"5,020","5,020",Unworn - New,2022
Big Bang Unico White Ceramic 42 mm,441.HX.1170.RX,https://www.chronext.com/hublot/big-bang/441-hx-1170-rx/V42035,"14,930","14,930",Unworn - New,2022
Black Bay 41,79540,https://www.chronext.com/tudor/black-bay/79540/V43880,"3,070","3,070",Unworn - New,2022
GMT-Master II,126711CHNR,https://www.chronext.com/rolex/gmt-master/126711chnr/V46138,"30,620","30,620",Unworn - New,2022
Aquaracer Calibre 5,WBD218B.FC6446,https://www.chronext.com/tag-heuer/aquaracer/wbd218b-fc6446/V40796,"3,140","3,140",Unworn - New,2022
Elegance Kollektion,SBGR315,https://www.chronext.com/grand-seiko/elegance-kollektion/sbgr315/V38857,"3,720","3,720",Unworn - New,2022
Black Bay S&amp;G,79733N,https://www.chronext.com/tudor/black-bay/79733n/V43392,"4,210","4,210",Unworn - New,2022
103 St Sa Fliegeruhr,103.061,https://www.chronext.com/sinn/103-st-sa/103-061/C79557,"2,210","2,210",Unworn - New,2022
"Pilot's Watch Automatic Top Gun ""SIHH 2019""",IW326901,https://www.chronext.com/iwc/pilot-s-watch/iw326901/V43590,"5,200","5,200",Unworn - New,2022
Black Bay 58 Ceramic,79210CNU,https://www.chronext.com/tudor/black-bay/79210cnu/V38632,"5,560","5,560",Unworn - New,2022
Defy Skyline,03.9300.3620/21.I001,https://www.chronext.com/zenith/defy/03-9300-3620-21-i001/V46483,"7,670","7,670",Unworn - New,2022
"Pilot's Watch Chronograph Edition ""Antoine de Saint""",IW377713,https://www.chronext.com/iwc/pilot-s-watch/iw377713/V39612,"5,080","5,080",Unworn - New,2022
Seamaster Planet Ocean 600M,215.32.44.21.01.001,https://www.chronext.com/omega/seamaster/215-32-44-21-01-001/V44823,"4,980","4,980",Unworn - New,2022
Seamaster Aqua Terra 150 M,220.10.41.21.03.004,https://www.chronext.com/omega/seamaster/220-10-41-21-03-004/V39893,"4,660","4,660",Unworn - New,2022
Black Bay S&amp;G,79833MN,https://www.chronext.com/tudor/black-bay/79833mn/V47018,"9,040","9,040",Unworn - New,2022
Pilot's Watch Mark XVIII,IW327009,https://www.chronext.com/iwc/pilot-s-watch/iw327009/V37599,"3,900","3,900",Unworn - New,2022
Seamaster Planet Ocean 600M,215.30.40.20.01.001,https://www.chronext.com/omega/seamaster/215-30-40-20-01-001/V44441,"5,210","5,210",Unworn - New,2022
Datejust 41,126334,https://www.chronext.com/rolex/datejust/126334/V46263,"15,990","15,990",Unworn - New,2022
Black Bay,79030N,https://www.chronext.com/tudor/black-bay/79030n/V37748,"4,570","4,570",Unworn - New,2022
Big Bang,341.SB.131.RX,https://www.chronext.com/hublot/big-bang/341-sb-131-rx/V45348,"9,480","9,480",Unworn - New,2022
SeaQ Panoramadatum,1-36-13-02-81-70,https://www.chronext.com/glashuette-original/seaq/1-36-13-02-81-70/V42206,"9,850","9,850",Unworn - New,2022
Defy Skyline,03.9300.3620/51.I001,https://www.chronext.com/zenith/defy/03-9300-3620-51-i001/V46482,"10,410","10,410",Unworn - New,2022
Chronomaster El Primero Open,03.2040.4061/69.M2040,https://www.chronext.com/zenith/chronomaster/03-2040-4061-69-m2040/V40221,"7,190","7,190",Unworn - New,2022
Black Bay GMT,79830RB,https://www.chronext.com/tudor/black-bay/79830rb/V37279,"4,570","4,570",Unworn - New,2022
Submersible Marina Militare Carbotech™,PAM00979,https://www.chronext.com/panerai/submersible/pam00979/V43581,"16,400","16,400",Unworn - New,2022
De Ville Prestige Co-Axial,424.10.40.20.03.001,https://www.chronext.com/omega/de-ville/424-10-40-20-03-001/V39626,"2,880","2,880",Unworn - New,2022
Clé,WSCL0007,https://www.chronext.com/cartier/cle/wscl0007/V39666,"4,620","4,620",Unworn - New,2022
903 St B E Navigationschronograph,903.045,https://www.chronext.com/sinn/903-st-b-e/903-045/C58601,"3,050","3,050",Unworn - New,2022
903 St Navigationschronograph,903.040,https://www.chronext.com/sinn/903-st/903-040/C58583,"3,050","3,050",Unworn - New,2022
556 I,556.010,https://www.chronext.com/sinn/556-i/556-010/C58439,890,890,Unworn - New,2022
Speedmaster 38 Co-Axial Chronograph ,324.30.38.50.03.001,https://www.chronext.com/omega/speedmaster/324-30-38-50-03-001/V42893,"4,120","4,120",Unworn - New,2022
Seamaster Planet Ocean 600M Big Blue,215.92.46.22.03.001,https://www.chronext.com/omega/seamaster/215-92-46-22-03-001/V42895,"9,110","9,110",Unworn - New,2022
Datejust 41,126334,https://www.chronext.com/rolex/datejust/126334/V45846,"15,060","15,060",Unworn - New,2022
Datejust 41,126300,https://www.chronext.com/rolex/datejust/126300/V45843,"10,930","10,930",Unworn - New,2022
Sky-Dweller,326933,https://www.chronext.com/rolex/sky-dweller/326933/V45842,"26,620","26,620",Unworn - New,2022
Carrera Calibre 16 Automatic Chronograph,CV2A1AB.BA0738,https://www.chronext.com/tag-heuer/carrera/cv2a1ab-ba0738/V43907,"3,840","3,840",Unworn - New,2022
"Pilot's Watch Chronograph Edition ""Le Petit Prince""",IW377717,https://www.chronext.com/iwc/pilot-s-watch/iw377717/V43916,"5,890","5,890",Unworn - New,2022
Datejust 41,126333,https://www.chronext.com/rolex/datejust/126333/V45826,"16,110","16,110",Unworn - New,2022
Seamaster Planet Ocean 600M,215.30.46.51.01.002,https://www.chronext.com/omega/seamaster/215-30-46-51-01-002/V44446,"6,690","6,690",Unworn - New,2022
Datejust 41,126333,https://www.chronext.com/rolex/datejust/126333/V45759,"14,130","14,130",Unworn - New,2022
Seamaster Planet Ocean,215.30.44.21.01.002,https://www.chronext.com/omega/seamaster/215-30-44-21-01-002/V44671,"5,210","5,210",Unworn - New,2022
Datejust 41,126333,https://www.chronext.com/rolex/datejust/126333/V45750,"15,850","15,850",Unworn - New,2022
EZM 3F Fliegeruhr,703.010,https://www.chronext.com/sinn/ezm-3f/703-010/10861,"1,610","1,610",Unworn - New,2022
Seamaster Planet Ocean 600M Co-Axial Master Chronometer GMT,215.92.46.22.01.001,https://www.chronext.com/omega/seamaster/215-92-46-22-01-001/V44806,"9,110","9,110",Unworn - New,2022
144 St Sa Sportchronograph,144.066,https://www.chronext.com/sinn/144-st-sa/144-066/C53357,"2,120","2,120",Unworn - New,2022
Seamaster 300 Master Co-Axial,233.30.41.21.01.001,https://www.chronext.com/omega/seamaster/233-30-41-21-01-001/V43672,"4,660","4,660",Unworn - New,2022
"Aquatimer Chronograph Edition ""Expedition Charles Darwin",IW379503,https://www.chronext.com/iwc/aquatimer/iw379503/V43670,"8,770","8,770",Unworn - New,2022
556 I,556.010,https://www.chronext.com/sinn/556-i/556-010/C77004,"1,150","1,150",Unworn - New,2022
104 St Sa I Fliegeruhr,104.010,https://www.chronext.com/sinn/104-st-sa-i/104-010/C57416,"1,150","1,150",Unworn - New,2022
"Pilot's Watch Automatic Spitfire ""SIHH 2019""",IW326802,https://www.chronext.com/iwc/pilot-s-watch/iw326802/V43592,"4,710","4,710",Unworn - New,2022
Submersible Mike Horn Edition,PAM00984,https://www.chronext.com/panerai/submersible/pam00984/V43582,"18,330","18,330",Unworn - New,2022
EZM 3,603.010,https://www.chronext.com/sinn/ezm-3/603-010/V13216,"1,430","1,430",Unworn - New,2022
"6012 ""Baselworld 2019""",6012.010,https://www.chronext.com/sinn/6012/6012-010/V13474,"4,100","4,100",Unworn - New,2022
"206 ARKTIS II ""Baselworld 2019""",206.012,https://www.chronext.com/sinn/206/206-012/V13480,"3,380","3,380",Unworn - New,2022
104 St Sa I,104.010,https://www.chronext.com/sinn/104-st-sa-i/104-010/V13988,"1,150","1,150",Unworn - New,2022
EZM 12,112.010,https://www.chronext.com/sinn/ezm-12/112-010/V13992,"3,060","3,060",Unworn - New,2022
Carrera Calibre 16,CBK2112.BA0715,https://www.chronext.com/tag-heuer/carrera/cbk2112-ba0715/V43374,"3,300","3,300",Unworn - New,2022
Seamaster Diver 300m Chronograph,210.30.44.51.01.001,https://www.chronext.com/omega/seamaster/210-30-44-51-01-001/V43315,"6,960","6,960",Unworn - New,2022
903 St B E Navigationschronograph,903.045,https://www.chronext.com/sinn/903-st-b-e/903-045/D1050,"2,790","2,790",Unworn - New,2022
Datejust 41,126334,https://www.chronext.com/rolex/datejust/126334/V46265,"15,060","15,060",Unworn - New,2022
Datejust 41,126334,https://www.chronext.com/rolex/datejust/126334/V46264,"16,380","16,380",Unworn - New,2022
Datejust 41,126300,https://www.chronext.com/rolex/datejust/126300/V46256,"11,460","11,460",Unworn - New,2022
Luminor 1950 3 Days Power Reserve Acciaio,PAM00423,https://www.chronext.com/panerai/luminor/pam00423/V37501,"9,300","9,300",Unworn - New,2022
"Aquatimer Chronograph Edition ""Galapagos Islands",IW379502,https://www.chronext.com/iwc/aquatimer/iw379502/V37590,"8,770","8,770",Unworn - New,2022
Radiomir,PAM00997,https://www.chronext.com/panerai/radiomir/pam00997/V40267,"11,310","11,310",Unworn - New,2022
Luminor Luna Rossa GMT,PAM01036,https://www.chronext.com/panerai/luminor/pam01036/V40264,"9,580","9,580",Unworn - New,2022
900,900.011,https://www.chronext.com/sinn/900/900-011/V23622,"3,150","3,150",Unworn - New,2022
Black Bay 41,79540,https://www.chronext.com/tudor/black-bay/79540/V38802,"3,770","3,780",Unworn - New,2022
Black Bay 41,79540,https://www.chronext.com/tudor/black-bay/79540/V38800,"4,030","4,030",Unworn - New,2022
Sky-Dweller,326933,https://www.chronext.com/rolex/sky-dweller/326933/V45454,"28,190","28,190",Unworn - New,2022
Polaris Automatic,9008170,https://www.chronext.com/jaeger-lecoultre/polaris/9008170/V42951,"7,060","7,060",Unworn - New,2022
Polaris Date,9068670,https://www.chronext.com/jaeger-lecoultre/polaris/9068670/V42947,"7,560","7,560",Unworn - New,2022
Polaris Chronograph,9028480,https://www.chronext.com/jaeger-lecoultre/polaris/9028480/V42943,"9,520","9,520",Unworn - New,2022
Datejust 41,126300,https://www.chronext.com/rolex/datejust/126300/V45643,"10,930","10,930",Unworn - New,2022
6096,6096.010,https://www.chronext.com/sinn/6096/6096-010/V16119,"2,480","2,480",Unworn - New,2022
6099,6099.010,https://www.chronext.com/sinn/6099/6099-010/V16120,"3,560","3,560",Unworn - New,2022
Carrera Calibre 16,CBK2110.BA0715,https://www.chronext.com/tag-heuer/carrera/cbk2110-ba0715/V42823,"3,300","3,300",Unworn - New,2022
103 St Sa,103.061,https://www.chronext.com/sinn/103-st-sa/103-061/V17422,"2,030","2,030",Unworn - New,2022
936,936.010,https://www.chronext.com/sinn/936/936-010/V30656,"2,700","2,700",Unworn - New,2022
Heritage Kollektion,SBGR309,https://www.chronext.com/grand-seiko/heritage-kollektion/sbgr309/V42064,"4,030","4,030",Unworn - New,2022
Sport Kollektion,SBGN005,https://www.chronext.com/grand-seiko/sport-kollektion/sbgn005/V42057,"2,700","2,880",Unworn - New,2022
Seamaster Planet Ocean 600M,215.23.46.51.03.001,https://www.chronext.com/omega/seamaster/215-23-46-51-03-001/V41684,"10,190","10,190",Unworn - New,2022
Carrera Calibre 16,CBM2112.FC6455,https://www.chronext.com/tag-heuer/carrera/cbm2112-fc6455/V40792,"3,250","3,250",Unworn - New,2022
Polaris Chronograph WT,905T471,https://www.chronext.com/jaeger-lecoultre/polaris/905t471/V40615,"12,620","12,620",Unworn - New,2022
Radiomir Black Seal Logo,PAM00754,https://www.chronext.com/panerai/radiomir/pam00754/V43273,"4,410","4,410",Unworn - New,2022
Seamaster Aqua Terra,220.20.41.21.02.001,https://www.chronext.com/omega/seamaster/220-20-41-21-02-001/V38518,"9,180","9,180",Unworn - New,2022
Pasha De Cartier,WSPA0018,https://www.chronext.com/cartier/pasha/wspa0018/V46502,"8,000","8,000",Unworn - New,2022
Pasha De Cartier,W2PA0009,https://www.chronext.com/cartier/pasha/w2pa0009/V46503,"9,320","9,320",Unworn - New,2022
Submersible Azzurro,PAM01209,https://www.chronext.com/panerai/submersible/pam01209/V47090,"8,600","8,600",Unworn - New,2022
Submersible Goldtech™ OroCarbo,PAM01070,https://www.chronext.com/panerai/submersible/pam01070/V47091,"23,780","23,780",Unworn - New,2022
Submersible Goldtech,PAM01164,https://www.chronext.com/panerai/submersible/pam01164/V47092,"21,640","21,640",Unworn - New,2022
Polo Skeleton,G0A45001,https://www.chronext.com/piaget/polo/g0a45001/V47155,"23,830","23,830",Unworn - New,2022
Polo Skeleton,G0A45004,https://www.chronext.com/piaget/polo/g0a45004/V47156,"23,830","23,830",Unworn - New,2022
Portofino Automatic,IW356505,https://www.chronext.com/iwc/portofino/iw356505/V37596,"4,630","4,630",Unworn - New,2022
857 UTC Fliegeruhr,857.010,https://www.chronext.com/sinn/857/857-010/C79613,"1,850","1,850",Unworn - New,2022
556 I,556.010,https://www.chronext.com/sinn/556-i/556-010/C79607,"1,070","1,070",Unworn - New,2022
240 St,240.010,https://www.chronext.com/sinn/240-st/240-010/C79573,"1,460","1,460",Unworn - New,2022
U212 Taucheruhr,212.040,https://www.chronext.com/sinn/u212/212-040/C79571,"2,390","2,390",Unworn - New,2022
U2 SDR Taucheruhr,1020.040,https://www.chronext.com/sinn/u2-sdr/1020-040/C79556,"2,400","2,400",Unworn - New,2022
Black Bay 41,79540,https://www.chronext.com/tudor/black-bay/79540/V37438,"2,830","3,200",Unworn - New,2022
De Ville Prestige Co-Axial,424.10.33.20.55.002,https://www.chronext.com/omega/de-ville/424-10-33-20-55-002/V37651,"3,500","3,500",Unworn - New,2022
Formula 1 Quarz,WAZ1118.BA0875,https://www.chronext.com/tag-heuer/formula-1/waz1118-ba0875/V37762,"1,040","1,040",Unworn - New,2022
Classic Fusion Ceramic Blue,548.CM.7170.CM,https://www.chronext.com/hublot/classic-fusion/548-cm-7170-cm/V37833,"12,910","12,910",Unworn - New,2022
"Pilot's Watch Mark XVIII Edition ""Le Petit Prince""",IW327010,https://www.chronext.com/iwc/pilot-s-watch/iw327010/V37914,"3,900","3,900",Unworn - New,2022
Black Bay GMT,79830RB,https://www.chronext.com/tudor/black-bay/79830rb/V37964,"4,360","4,360",Unworn - New,2022
Pilot's Watch Mark XVIII Heritage,IW327006,https://www.chronext.com/iwc/pilot-s-watch/iw327006/V38314,"4,060","4,060",Unworn - New,2022
856 UTC Fliegeruhr,856.010,https://www.chronext.com/sinn/856/856-010/C75994,"1,880","1,880",Unworn - New,2022
Datejust 41,126331,https://www.chronext.com/rolex/datejust/126331/V45893,"16,650","16,650",Unworn - New,2022
Datejust 41,126300,https://www.chronext.com/rolex/datejust/126300/V45886,"11,070","11,070",Unworn - New,2022
556 A,556.014,https://www.chronext.com/sinn/556-a/556-014/C59446,"1,070","1,070",Unworn - New,2022
103 St Fliegeruhr,103.031,https://www.chronext.com/sinn/103-st/103-031/C59445,"1,670","1,670",Unworn - New,2022
104 St Sa I Fliegeruhr,104.010,https://www.chronext.com/sinn/104-st-sa-i/104-010/C59437,"1,150","1,150",Unworn - New,2022
104 St Sa I Fliegeruhr,104.010,https://www.chronext.com/sinn/104-st-sa-i/104-010/C59436,"1,150","1,150",Unworn - New,2022
104 St Sa I Fliegeruhr,104.010,https://www.chronext.com/sinn/104-st-sa-i/104-010/C59434,"1,150","1,150",Unworn - New,2022
Datejust 41,126334,https://www.chronext.com/rolex/datejust/126334/V45881,"15,060","15,060",Unworn - New,2022
Formula 1 Calibre 16 Automatic Chronograph,CAZ2012.BA0876,https://www.chronext.com/tag-heuer/formula-1/caz2012-ba0876/V44825,"2,360","2,360",Unworn - New,2022
Sea-Dweller Single Red,126600,https://www.chronext.com/rolex/sea-dweller/126600/V46266,"17,710","17,710",Unworn - New,2022
"Seamaster Diver 300M ""Black Black""",210.92.44.20.01.003,https://www.chronext.com/omega/seamaster/210-92-44-20-01-003/V38601,"8,230","8,230",Unworn - New,2022
Datejust,126334,https://www.chronext.com/rolex/datejust/126334/V45885,"16,380","16,380",Unworn - New,2022
Black Bay,79360N,https://www.chronext.com/tudor/black-bay/79360n/V38811,"6,110","6,110",Unworn - New,2022
Black Bay GMT,79830RB,https://www.chronext.com/tudor/black-bay/79830rb/V29179,"4,520","4,720",Unworn - New,2021
Submersible,PAM01305,https://www.chronext.com/panerai/submersible/pam01305/C75923,"7,840","8,660",Unworn - New,2021
Zürich Datum,802,https://www.chronext.com/nomos/zuerich/802/001591,"2,870","2,870",Unworn - New,2021
Aquaracer Calibre 16,CAY2112.BA0927,https://www.chronext.com/tag-heuer/aquaracer/cay2112-ba0927/U1582,"2,520","3,300",Unworn - New,2021
U50 S,1050.020,https://www.chronext.com/sinn/u50-s/1050-020/V36990,"2,460","2,460",Unworn - New,2022
Portugieser Automatic 40,IW358312,https://www.chronext.com/iwc/portugieser/iw358312/V46447,"6,820","6,820",Unworn - New,2022
EZM 2B SDR GSG 9,403.051,https://www.chronext.com/sinn/ezm-2b/403-051/V46621,"2,040","2,040",Unworn - New,2022
"Big Pilot Top Gun Edition ""Mojave Desert""",IW506003,https://www.chronext.com/iwc/big-pilot/iw506003/V46998,"17,140","17,140",Unworn - New,2022
Chronomaster Sport,18.3101.3600/21.M3100,https://www.chronext.com/zenith/chronomaster/18-3101-3600-21-m3100/V47109,"33,320","33,320",Unworn - New,2022
Datejust 41,126300,https://www.chronext.com/rolex/datejust/126300/V10622,"12,080","12,840",Unworn - New,2021
Cosmograph Daytona,116503,https://www.chronext.com/rolex/cosmograph-daytona/116503/V11977,"29,240","35,940",Unworn - New,2021
Sea-Dweller,126660,https://www.chronext.com/rolex/sea-dweller/126660/V10688,"20,980","20,980",Unworn - New,2021
Datejust 41,126331,https://www.chronext.com/rolex/datejust/126331/V10658,"21,260","21,260",Unworn - New,2021
Sky-Dweller,326933,https://www.chronext.com/rolex/sky-dweller/326933/V10738,"25,340","26,600",Unworn - New,2021
Datejust 41,126333,https://www.chronext.com/rolex/datejust/126333/V10679,"18,520","20,300",Unworn - New,2021
Datejust 41,126334,https://www.chronext.com/rolex/datejust/126334/V30111,"15,590","15,590",Unworn - New,2021
Datejust 41,126334,https://www.chronext.com/rolex/datejust/126334/V12288,"17,060","17,380",Unworn - New,2021
Speedmaster Moonwatch Professional Chronograph,3570.50.00,https://www.chronext.com/omega/speedmaster/3570-50-00/V33239,"4,500","4,650",Vintage,2000
Speedmaster,345.0022,https://www.chronext.com/omega/speedmaster/345-0022/V36588,"4,320","4,510",Vintage,1994
Master Ultra Thin Moon,1368420,https://www.chronext.com/jaeger-lecoultre/master/1368420/V47172,"6,310","6,310",Like New,2020
Datejust 41,126334,https://www.chronext.com/rolex/datejust/126334/V12294,"16,550","16,740",Unworn - New,2021
Datejust 41,126300,https://www.chronext.com/rolex/datejust/126300/V30994,"11,780","12,380",Unworn - New,2021
Datejust 41,126334,https://www.chronext.com/rolex/datejust/126334/V30988,"14,670","15,030",Unworn - New,2021
Sky-Dweller,326933,https://www.chronext.com/rolex/sky-dweller/326933/V31393,"26,850","27,380",Unworn - New,2021
Datejust 41,126334,https://www.chronext.com/rolex/datejust/126334/V12300,"18,530","18,810",Unworn - New,2021
Datejust 41,126300,https://www.chronext.com/rolex/datejust/126300/V12279,"11,000","13,310",Unworn - New,2021
Datejust 41,126300,https://www.chronext.com/rolex/datejust/126300/V12282,"11,770","12,530",Unworn - New,2021
Datejust 41,126300,https://www.chronext.com/rolex/datejust/126300/V12283,"12,180","13,310",Unworn - New,2021
Speedmaster,323.30.40.40.01.001,https://www.chronext.com/omega/speedmaster/323-30-40-40-01-001/V33349,"3,380","3,380",Very Good,2011
Aquaracer Professional 200 Date,WBP2410.BA0622,https://www.chronext.com/tag-heuer/aquaracer/wbp2410-ba0622/V46468,"2,480","2,480",Unworn - New,2022
Pelagos FXD,25707B,https://www.chronext.com/tudor/pelagos/25707b/V46496,"6,970","6,970",Unworn - New,2022
Big Crown Pointer Date,01 754 7741 3166-07 8 20 01,https://www.chronext.com/oris/big-crown/01-754-7741-3166-07-8-20-01/V47293,"1,790","1,790",Unworn - New,2022
Big Crown Pointer Date,01 754 7741 3165-07 8 20 01,https://www.chronext.com/oris/big-crown/01-754-7741-3165-07-8-20-01/V47289,"1,790","1,790",Unworn - New,2022
